ts,ambient_temp,ambient_humidity,ambient_city,zap_temperatura,zap_velocidad_tambor,zap_velocidad_chip,zap_alimentacion,sec_temperatura,sec_humedad,sec_velocidad_aire,sec_estado,can_velocidad_molino,can_tamano_particula,can_estado,cam1_temperatura,cam1_humedad,cam1_co2,cam1_carga_kg,cam1_dias,cam1_ventilador,cam2_temperatura,cam2_humedad,cam2_co2,cam2_carga_kg,cam2_dias,cam2_ventilador,cam3_temperatura,cam3_humedad,cam3_co2,cam3_carga_kg,cam3_dias,cam3_ventilador,cam4_temperatura,cam4_humedad,cam4_co2,cam4_carga_kg,cam4_dias,cam4_ventilador
2026-05-20T03:00:25.475844+00:00,11.9,83.0,"Posadas, Provincia de Misiones, Argentina",351.62,15.0,30.0,1,22.0,39.45,2.5,1,60.0,5.77,1,45.84,70.07,514.2,0.0,0.0,1,28.65,70.1,514.2,0.0,0.0,1,28.6,69.79,514.2,0.0,0.0,1,31.24,70.01,514.2,0.0,0.0,1
2026-05-20T03:00:35.477699+00:00,11.8,83.32,"Posadas, Provincia de Misiones, Argentina",338.8,15.0,30.0,1,9.8,45.44,2.5,1,60.0,5.79,1,42.26,80.29,424.5,0.0,0.0,1,19.92,80.64,424.5,0.0,0.0,1,19.64,80.14,424.5,0.0,0.0,1,21.33,80.15,424.5,0.0,0.0,1
2026-05-20T03:00:45.479038+00:00,11.75,83.49,"Posadas, Provincia de Misiones, Argentina",339.27,15.0,30.0,1,9.75,45.88,2.5,1,60.0,5.86,1,42.13,82.88,420.2,0.0,0.0,1,15.68,82.84,420.2,0.0,0.0,1,14.83,82.35,420.2,0.0,0.0,1,15.55,82.15,420.2,0.0,0.0,1
2026-05-20T03:00:55.481378+00:00,11.7,83.65,"Posadas, Provincia de Misiones, Argentina",340.42,15.0,30.0,1,9.7,45.89,2.5,1,60.0,5.78,1,42.14,83.9,420.0,0.0,0.0,1,13.23,83.49,420.0,0.0,0.0,1,13.22,83.38,420.0,0.0,0.0,1,13.36,83.66,420.0,0.0,0.0,1
2026-05-20T03:01:05.482211+00:00,11.65,83.82,"Posadas, Provincia de Misiones, Argentina",340.23,15.0,30.0,1,9.65,46.14,2.5,1,60.0,5.84,1,42.26,83.97,420.0,0.0,0.0,1,12.77,83.92,420.0,0.0,0.0,1,12.32,83.5,420.0,0.0,0.0,1,12.53,83.65,420.0,0.0,0.0,1
2026-05-20T03:01:15.454469+00:00,11.9,83.0,"Posadas, Provincia de Misiones, Argentina",379.86,15.0,30.0,1,22.0,33.94,2.5,1,60.0,5.75,1,42.48,69.86,1191.1,0.0,0.0,1,32.05,69.91,1191.1,0.0,0.0,1,32.21,70.17,1191.1,0.0,0.0,1,36.32,70.08,1191.1,0.0,0.0,1
2026-05-20T03:01:25.457054+00:00,11.83,83.22,"Posadas, Provincia de Misiones, Argentina",339.39,15.0,30.0,1,9.83,45.08,2.5,1,60.0,5.76,1,42.1,80.66,457.3,0.0,0.0,1,21.32,80.29,457.3,0.0,0.0,1,21.51,80.26,457.3,0.0,0.0,1,23.79,79.8,457.3,0.0,0.0,1
2026-05-20T03:01:35.457588+00:00,11.78,83.39,"Posadas, Provincia de Misiones, Argentina",340.2,15.0,30.0,1,9.78,45.87,2.5,1,60.0,5.88,1,42.11,82.83,421.8,0.0,0.0,1,16.34,82.38,421.8,0.0,0.0,1,16.35,82.69,421.8,0.0,0.0,1,17.36,82.34,421.8,0.0,0.0,1
2026-05-20T03:01:45.458362+00:00,11.73,83.55,"Posadas, Provincia de Misiones, Argentina",339.4,15.0,30.0,1,9.73,46.08,2.5,1,60.0,5.76,1,42.17,83.47,420.1,0.0,0.0,1,14.2,83.22,420.1,0.0,0.0,1,13.97,83.34,420.1,0.0,0.0,1,14.39,82.94,420.1,0.0,0.0,1
2026-05-20T03:01:55.459047+00:00,11.68,83.72,"Posadas, Provincia de Misiones, Argentina",339.89,15.0,30.0,1,9.68,45.88,2.5,1,60.0,5.79,1,42.14,83.91,420.0,0.0,0.0,1,12.9,83.8,420.0,0.0,0.0,1,12.78,83.73,420.0,0.0,0.0,1,12.83,83.47,420.0,0.0,0.0,1
2026-05-20T03:02:05.460205+00:00,11.63,83.89,"Posadas, Provincia de Misiones, Argentina",339.31,15.0,30.0,1,9.63,46.01,2.5,1,60.0,5.83,1,42.18,83.76,420.0,0.0,0.0,1,11.65,83.79,420.0,0.0,0.0,1,12.22,83.6,420.0,0.0,0.0,1,11.91,84.03,420.0,0.0,0.0,1
2026-05-20T03:02:15.460969+00:00,11.57,84.16,"Posadas, Provincia de Misiones, Argentina",339.72,15.0,30.0,1,9.57,46.1,2.5,1,60.0,5.82,1,42.14,84.01,420.0,0.0,0.0,1,11.5,84.15,420.0,0.0,0.0,1,10.78,84.06,420.0,0.0,0.0,1,12.03,83.85,420.0,0.0,0.0,1
2026-05-20T03:02:25.462152+00:00,11.49,84.66,"Posadas, Provincia de Misiones, Argentina",339.34,15.0,30.0,1,9.49,46.34,2.5,1,60.0,5.86,1,42.04,84.69,420.0,0.0,0.0,1,11.59,84.56,420.0,0.0,0.0,1,11.19,84.26,420.0,0.0,0.0,1,12.3,84.6,420.0,0.0,0.0,1
2026-05-20T03:02:36.975282+00:00,11.9,83.0,"Posadas, Provincia de Misiones, Argentina",399.82,15.0,30.0,1,31.26,32.44,2.5,1,60.0,5.77,1,39.05,69.97,1419.2,0.0,0.0,1,32.33,69.94,1419.2,0.0,0.0,1,32.19,70.06,1419.2,0.0,0.0,1,36.93,69.92,1419.2,0.0,0.0,1
2026-05-20T03:02:46.975894+00:00,11.83,83.23,"Posadas, Provincia de Misiones, Argentina",340.28,15.0,30.0,1,9.83,44.97,2.5,1,60.0,5.87,1,42.2,80.5,469.0,0.0,0.0,1,21.42,80.16,469.0,0.0,0.0,1,21.34,80.02,469.0,0.0,0.0,1,23.59,80.34,469.0,0.0,0.0,1
2026-05-20T03:02:56.977177+00:00,11.78,83.39,"Posadas, Provincia de Misiones, Argentina",338.85,15.0,30.0,1,9.78,45.95,2.5,1,60.0,5.82,1,42.21,82.94,422.4,0.0,0.0,1,15.86,82.84,422.4,0.0,0.0,1,16.64,82.56,422.4,0.0,0.0,1,17.4,82.81,422.4,0.0,0.0,1
2026-05-20T03:03:06.979504+00:00,11.73,83.56,"Posadas, Provincia de Misiones, Argentina",339.88,15.0,30.0,1,9.73,45.87,2.5,1,60.0,5.77,1,42.26,83.75,420.1,0.0,0.0,1,14.09,83.07,420.1,0.0,0.0,1,14.06,83.13,420.1,0.0,0.0,1,14.95,83.47,420.1,0.0,0.0,1
2026-05-20T03:03:16.980605+00:00,11.68,83.73,"Posadas, Provincia de Misiones, Argentina",340.47,15.0,30.0,1,9.68,45.98,2.5,1,60.0,5.76,1,42.1,83.85,420.0,0.0,0.0,1,12.59,83.82,420.0,0.0,0.0,1,12.7,83.62,420.0,0.0,0.0,1,12.92,83.48,420.0,0.0,0.0,1
2026-05-20T03:03:22.741799+00:00,11.9,83.0,"Posadas, Provincia de Misiones, Argentina",404.9,15.0,30.0,1,35.78,32.21,2.5,1,60.0,5.83,1,38.55,70.12,1453.7,0.0,0.0,1,32.09,70.01,1453.7,0.0,0.0,1,32.46,70.0,1453.7,0.0,0.0,1,36.92,70.05,1453.7,0.0,0.0,1
2026-05-20T03:03:32.742882+00:00,11.9,83.0,"Posadas, Provincia de Misiones, Argentina",404.84,15.0,30.0,1,36.02,32.26,2.5,1,60.0,5.86,1,38.54,70.07,1453.7,0.0,0.0,1,31.98,69.94,1453.7,0.0,0.0,1,32.57,69.9,1453.7,0.0,0.0,1,36.8,70.11,1453.7,0.0,0.0,1
2026-05-20T03:03:41.130847+00:00,11.9,83.0,"Posadas, Provincia de Misiones, Argentina",403.05,15.0,30.0,1,33.45,32.38,2.5,1,60.0,5.81,1,39.09,69.92,1437.6,0.0,0.0,1,32.39,70.01,1437.6,0.0,0.0,1,32.15,69.99,1437.6,0.0,0.0,1,37.08,70.2,1437.6,0.0,0.0,1
2026-05-20T03:03:51.131346+00:00,11.83,83.24,"Posadas, Provincia de Misiones, Argentina",339.95,15.0,30.0,1,9.83,45.0,2.5,1,60.0,5.84,1,42.26,80.63,469.2,0.0,0.0,1,21.65,80.17,469.2,0.0,0.0,1,21.26,80.15,469.2,0.0,0.0,1,23.51,80.06,469.2,0.0,0.0,1
2026-05-20T03:04:01.132756+00:00,11.78,83.41,"Posadas, Provincia de Misiones, Argentina",98.99,15.0,30.0,1,9.78,45.75,2.5,1,60.0,5.82,1,42.21,82.71,422.4,0.0,0.0,1,16.66,82.47,422.4,0.0,0.0,1,16.43,82.87,422.4,0.0,0.0,1,16.93,83.08,422.4,0.0,0.0,1
2026-05-20T03:04:11.133604+00:00,11.73,83.58,"Posadas, Provincia de Misiones, Argentina",12.6,15.0,30.0,1,9.73,45.73,2.5,1,60.0,5.79,1,42.03,83.33,420.1,0.0,0.0,1,13.97,83.43,420.1,0.0,0.0,1,14.45,83.44,420.1,0.0,0.0,1,14.17,83.49,420.1,0.0,0.0,1
2026-05-20T03:04:21.134997+00:00,11.68,83.74,"Posadas, Provincia de Misiones, Argentina",340.28,15.0,30.0,1,9.68,46.14,2.5,1,60.0,5.83,1,42.2,83.79,420.0,0.0,0.0,1,13.43,83.6,420.0,0.0,0.0,1,12.28,83.65,420.0,0.0,0.0,1,12.81,83.54,420.0,0.0,0.0,1
2026-05-20T03:04:31.136100+00:00,11.63,83.91,"Posadas, Provincia de Misiones, Argentina",339.84,15.0,30.0,1,9.63,46.11,2.5,1,60.0,5.82,1,42.07,83.81,420.0,0.0,0.0,1,12.26,83.7,420.0,0.0,0.0,1,12.28,83.9,420.0,0.0,0.0,1,12.27,83.97,420.0,0.0,0.0,1
2026-05-20T03:04:41.137094+00:00,11.56,84.24,"Posadas, Provincia de Misiones, Argentina",339.79,15.0,30.0,1,9.56,46.22,2.5,1,60.0,5.79,1,42.04,84.13,420.0,0.0,0.0,1,11.53,84.11,420.0,0.0,0.0,1,12.16,83.94,420.0,0.0,0.0,1,11.56,83.93,420.0,0.0,0.0,1
2026-05-20T03:04:51.137699+00:00,11.48,84.73,"Posadas, Provincia de Misiones, Argentina",338.71,15.0,30.0,1,9.48,46.33,2.5,1,60.0,5.74,1,42.05,84.7,420.0,0.0,0.0,1,11.67,84.46,420.0,0.0,0.0,1,12.03,84.28,420.0,0.0,0.0,1,11.98,84.36,420.0,0.0,0.0,1
2026-05-20T03:05:01.139179+00:00,11.39,85.23,"Posadas, Provincia de Misiones, Argentina",340.02,15.0,30.0,1,9.39,46.52,2.5,1,60.0,5.75,1,42.21,85.41,420.0,0.0,0.0,1,11.67,84.63,420.0,0.0,0.0,1,12.32,84.94,420.0,0.0,0.0,1,11.23,85.18,420.0,0.0,0.0,1
2026-05-20T03:05:11.141498+00:00,11.31,85.74,"Posadas, Provincia de Misiones, Argentina",339.79,15.0,30.0,1,9.31,46.76,2.5,1,60.0,5.84,1,42.08,85.8,420.0,0.0,0.0,1,11.52,85.42,420.0,0.0,0.0,1,11.64,85.52,420.0,0.0,0.0,1,10.99,85.31,420.0,0.0,0.0,1
2026-05-20T03:05:21.142043+00:00,11.23,86.24,"Posadas, Provincia de Misiones, Argentina",339.5,15.0,30.0,1,9.23,46.75,2.5,1,60.0,5.82,1,42.07,85.94,420.0,0.0,0.0,1,11.44,85.92,420.0,0.0,0.0,1,11.15,85.88,420.0,0.0,0.0,1,10.67,85.85,420.0,0.0,0.0,1
2026-05-20T03:05:31.143050+00:00,11.14,86.73,"Posadas, Provincia de Misiones, Argentina",339.49,15.0,30.0,1,9.14,47.21,2.5,1,60.0,5.82,1,42.09,86.48,420.0,0.0,0.0,1,11.6,86.41,420.0,0.0,0.0,1,10.5,86.46,420.0,0.0,0.0,1,11.03,86.41,420.0,0.0,0.0,1
2026-05-20T03:05:41.145355+00:00,11.08,87.24,"Posadas, Provincia de Misiones, Argentina",338.83,15.0,30.0,1,9.08,47.49,2.5,1,60.0,5.82,1,42.14,87.24,420.0,0.0,0.0,1,10.69,87.14,420.0,0.0,0.0,1,10.76,86.84,420.0,0.0,0.0,1,10.91,86.81,420.0,0.0,0.0,1
2026-05-20T03:05:51.146380+00:00,11.05,87.74,"Posadas, Provincia de Misiones, Argentina",339.3,15.0,30.0,1,9.05,47.68,2.5,1,60.0,5.75,1,42.2,87.42,420.0,0.0,0.0,1,10.93,87.55,420.0,0.0,0.0,1,9.98,87.55,420.0,0.0,0.0,1,10.6,87.46,420.0,0.0,0.0,1
2026-05-20T03:06:01.147886+00:00,11.02,88.24,"Posadas, Provincia de Misiones, Argentina",339.08,15.0,30.0,1,9.02,47.74,2.5,1,60.0,5.86,1,42.11,88.04,420.0,0.0,0.0,1,10.58,87.94,420.0,0.0,0.0,1,10.55,87.96,420.0,0.0,0.0,1,10.83,87.67,420.0,0.0,0.0,1
2026-05-20T03:06:11.149679+00:00,10.98,88.73,"Posadas, Provincia de Misiones, Argentina",338.93,15.0,30.0,1,8.98,48.12,2.5,1,60.0,5.73,1,42.23,88.49,420.0,0.0,0.0,1,10.9,88.18,420.0,0.0,0.0,1,10.69,88.17,420.0,0.0,0.0,1,11.3,88.27,420.0,0.0,0.0,1
2026-05-20T03:06:21.150270+00:00,10.95,89.24,"Posadas, Provincia de Misiones, Argentina",339.15,15.0,30.0,1,8.95,48.3,2.5,1,60.0,5.76,1,42.15,88.93,420.0,0.0,0.0,1,10.75,88.73,420.0,0.0,0.0,1,11.03,88.48,420.0,0.0,0.0,1,10.86,88.85,420.0,0.0,0.0,1
2026-05-20T03:06:31.151370+00:00,10.92,89.74,"Posadas, Provincia de Misiones, Argentina",340.05,15.0,30.0,1,8.92,48.35,2.5,1,60.0,5.83,1,42.15,89.87,420.0,0.0,0.0,1,10.87,89.28,420.0,0.0,0.0,1,11.44,89.3,420.0,0.0,0.0,1,10.97,89.06,420.0,0.0,0.0,1
2026-05-20T03:06:41.152330+00:00,10.88,90.08,"Posadas, Provincia de Misiones, Argentina",338.72,15.0,30.0,1,8.88,48.67,2.5,1,60.0,5.78,1,42.13,90.02,420.0,0.0,0.0,1,10.63,89.9,420.0,0.0,0.0,1,11.28,89.83,420.0,0.0,0.0,1,11.36,89.98,420.0,0.0,0.0,1
2026-05-20T03:06:51.154296+00:00,10.83,90.24,"Posadas, Provincia de Misiones, Argentina",339.87,15.0,30.0,1,8.83,48.84,2.5,1,60.0,5.79,1,42.18,90.18,420.0,0.0,0.0,1,10.92,89.87,420.0,0.0,0.0,1,11.14,90.11,420.0,0.0,0.0,1,11.32,90.19,420.0,0.0,0.0,1
2026-05-20T03:07:01.155640+00:00,10.78,90.41,"Posadas, Provincia de Misiones, Argentina",338.06,15.0,30.0,1,8.78,48.92,2.5,1,60.0,5.76,1,42.15,90.46,420.0,0.0,0.0,1,11.41,90.07,420.0,0.0,0.0,1,11.09,90.38,420.0,0.0,0.0,1,11.24,90.2,420.0,0.0,0.0,1
2026-05-20T03:07:11.157313+00:00,10.73,90.58,"Posadas, Provincia de Misiones, Argentina",339.35,15.0,30.0,1,8.73,48.81,2.5,1,60.0,5.79,1,42.13,90.56,420.0,0.0,0.0,1,10.74,90.3,420.0,0.0,0.0,1,10.32,90.63,420.0,0.0,0.0,1,10.21,90.4,420.0,0.0,0.0,1
2026-05-20T03:07:21.158020+00:00,10.68,90.75,"Posadas, Provincia de Misiones, Argentina",339.09,15.0,30.0,1,8.68,48.82,2.5,1,60.0,5.85,1,42.2,90.99,420.0,0.0,0.0,1,10.25,90.55,420.0,0.0,0.0,1,10.59,90.41,420.0,0.0,0.0,1,9.85,90.76,420.0,0.0,0.0,1
2026-05-20T03:07:31.159448+00:00,10.63,90.91,"Posadas, Provincia de Misiones, Argentina",339.24,15.0,30.0,1,8.63,49.28,2.5,1,60.0,5.87,1,42.07,90.96,420.0,0.0,0.0,1,10.38,90.36,420.0,0.0,0.0,1,10.54,90.79,420.0,0.0,0.0,1,9.77,90.77,420.0,0.0,0.0,1
2026-05-20T03:07:41.160605+00:00,10.58,91.08,"Posadas, Provincia de Misiones, Argentina",337.65,15.0,30.0,1,8.58,49.1,2.5,1,60.0,5.8,1,42.24,91.2,420.0,0.0,0.0,1,11.21,90.81,420.0,0.0,0.0,1,11.11,90.86,420.0,0.0,0.0,1,9.84,90.75,420.0,0.0,0.0,1
2026-05-20T03:07:51.161997+00:00,10.55,91.25,"Posadas, Provincia de Misiones, Argentina",339.32,15.0,30.0,1,8.55,49.23,2.5,1,60.0,5.85,1,42.11,91.34,420.0,0.0,0.0,1,10.5,91.17,420.0,0.0,0.0,1,11.05,90.9,420.0,0.0,0.0,1,10.26,90.93,420.0,0.0,0.0,1
2026-05-20T03:08:01.163674+00:00,10.52,91.41,"Posadas, Provincia de Misiones, Argentina",338.19,15.0,30.0,1,8.52,49.22,2.5,1,60.0,5.81,1,42.0,91.41,420.0,0.0,0.0,1,9.88,91.31,420.0,0.0,0.0,1,10.7,91.52,420.0,0.0,0.0,1,10.71,91.14,420.0,0.0,0.0,1
2026-05-20T03:08:11.164232+00:00,10.48,91.58,"Posadas, Provincia de Misiones, Argentina",338.05,15.0,30.0,1,8.48,49.4,2.5,1,60.0,5.83,1,42.18,91.57,420.0,0.0,0.0,1,10.42,91.35,420.0,0.0,0.0,1,11.36,91.45,420.0,0.0,0.0,1,10.86,91.5,420.0,0.0,0.0,1
2026-05-20T03:08:21.166746+00:00,10.45,91.75,"Posadas, Provincia de Misiones, Argentina",338.8,15.0,30.0,1,8.45,49.41,2.5,1,60.0,5.8,1,42.26,91.79,420.0,0.0,0.0,1,11.15,91.56,420.0,0.0,0.0,1,10.29,91.84,420.0,0.0,0.0,1,10.19,91.54,420.0,0.0,0.0,1
2026-05-20T03:08:31.167898+00:00,10.42,91.91,"Posadas, Provincia de Misiones, Argentina",338.2,15.0,30.0,1,8.42,49.49,2.5,1,60.0,5.77,1,42.15,91.96,420.0,0.0,0.0,1,10.77,91.54,420.0,0.0,0.0,1,9.93,91.74,420.0,0.0,0.0,1,10.39,92.27,420.0,0.0,0.0,1
2026-05-20T03:08:41.168430+00:00,10.38,91.92,"Posadas, Provincia de Misiones, Argentina",338.04,15.0,30.0,1,8.38,49.49,2.5,1,60.0,5.77,1,42.01,92.02,420.0,0.0,0.0,1,10.42,91.78,420.0,0.0,0.0,1,10.17,91.92,420.0,0.0,0.0,1,10.52,92.21,420.0,0.0,0.0,1
2026-05-20T03:08:51.169193+00:00,10.33,91.75,"Posadas, Provincia de Misiones, Argentina",339.43,15.0,30.0,1,8.33,49.28,2.5,1,60.0,5.77,1,42.27,92.17,420.0,0.0,0.0,1,10.43,91.75,420.0,0.0,0.0,1,10.34,91.69,420.0,0.0,0.0,1,10.49,91.83,420.0,0.0,0.0,1
2026-05-20T03:09:00.427760+00:00,11.85,83.17,"Posadas, Provincia de Misiones, Argentina",398.93,15.0,30.0,1,29.45,32.64,2.5,1,60.0,5.81,1,39.2,70.06,1405.4,0.0,0.0,1,32.33,70.05,1405.4,0.0,0.0,1,32.25,70.21,1405.4,0.0,0.0,1,36.78,70.34,1405.4,0.0,0.0,1
2026-05-20T03:09:10.428659+00:00,11.8,83.33,"Posadas, Provincia de Misiones, Argentina",340.87,15.0,30.0,1,9.8,44.93,2.5,1,60.0,5.82,1,42.04,80.72,468.3,0.0,0.0,1,21.37,80.08,468.3,0.0,0.0,1,21.17,80.45,468.3,0.0,0.0,1,24.48,80.48,468.3,0.0,0.0,1
2026-05-20T03:09:20.429325+00:00,11.75,83.5,"Posadas, Provincia de Misiones, Argentina",339.25,15.0,30.0,1,9.75,45.83,2.5,1,60.0,5.78,1,42.05,83.2,422.3,0.0,0.0,1,16.47,82.4,422.3,0.0,0.0,1,15.73,82.92,422.3,0.0,0.0,1,17.76,82.65,422.3,0.0,0.0,1
2026-05-20T03:09:30.430133+00:00,11.7,83.67,"Posadas, Provincia de Misiones, Argentina",339.71,15.0,30.0,1,9.7,45.97,2.5,1,60.0,5.76,1,41.97,83.89,420.1,0.0,0.0,1,13.8,83.07,420.1,0.0,0.0,1,13.8,83.64,420.1,0.0,0.0,1,14.57,83.43,420.1,0.0,0.0,1
2026-05-20T03:09:40.431039+00:00,11.65,83.84,"Posadas, Provincia de Misiones, Argentina",339.8,15.0,30.0,1,9.65,45.78,2.5,1,60.0,5.8,1,42.18,84.09,420.0,0.0,0.0,1,12.19,83.85,420.0,0.0,0.0,1,12.78,83.75,420.0,0.0,0.0,1,12.86,83.94,420.0,0.0,0.0,1
2026-05-20T03:09:50.431938+00:00,11.6,84.0,"Posadas, Provincia de Misiones, Argentina",339.5,15.0,30.0,1,9.6,46.21,2.5,1,60.0,5.8,1,42.03,83.96,420.0,0.0,0.0,1,11.21,84.08,420.0,0.0,0.0,1,12.21,83.65,420.0,0.0,0.0,1,11.92,83.8,420.0,0.0,0.0,1
2026-05-20T03:10:00.432519+00:00,11.52,84.5,"Posadas, Provincia de Misiones, Argentina",339.46,15.0,30.0,1,9.52,46.31,2.5,1,60.0,5.87,1,41.96,84.35,420.0,0.0,0.0,1,10.92,84.37,420.0,0.0,0.0,1,11.7,84.08,420.0,0.0,0.0,1,11.63,84.3,420.0,0.0,0.0,1
2026-05-20T03:10:10.433704+00:00,11.43,85.01,"Posadas, Provincia de Misiones, Argentina",339.07,15.0,30.0,1,9.43,46.38,2.5,1,60.0,5.77,1,42.02,85.1,420.0,0.0,0.0,1,11.67,84.63,420.0,0.0,0.0,1,11.65,84.54,420.0,0.0,0.0,1,11.68,84.95,420.0,0.0,0.0,1
2026-05-20T03:10:22.535643+00:00,11.9,83.0,"Posadas, Provincia de Misiones, Argentina",391.49,15.0,30.0,1,22.0,33.27,2.5,1,60.0,5.76,1,41.25,70.06,1318.9,0.0,0.0,1,31.89,70.15,1318.9,0.0,0.0,1,32.21,69.75,1318.9,0.0,0.0,1,36.43,69.97,1318.9,0.0,0.0,1
2026-05-20T03:10:32.536625+00:00,11.79,83.36,"Posadas, Provincia de Misiones, Argentina",67.6,15.0,80.0,1,71.7,41.33,2.5,1,60.0,5.79,1,42.15,80.49,463.4,0.0,0.0,1,21.56,80.59,463.4,0.0,0.0,1,21.88,79.96,463.4,0.0,0.0,1,23.52,80.03,463.4,0.0,0.0,1
2026-05-20T03:10:42.537034+00:00,11.74,83.53,"Posadas, Provincia de Misiones, Argentina",453.29,15.0,45.0,1,94.8,43.64,2.5,1,60.0,5.86,1,42.08,82.88,422.1,0.0,0.0,1,16.14,82.83,422.1,0.0,0.0,1,16.16,82.7,422.1,0.0,0.0,1,17.24,82.42,422.1,0.0,0.0,1
2026-05-20T03:10:52.538215+00:00,11.69,83.7,"Posadas, Provincia de Misiones, Argentina",503.85,15.0,45.0,1,95.2,61.19,2.5,1,60.0,5.76,1,42.02,83.76,420.1,0.0,0.0,1,14.24,83.39,420.1,0.0,0.0,1,13.94,83.65,420.1,0.0,0.0,1,14.32,83.1,420.1,0.0,0.0,1
2026-05-20T03:11:02.539203+00:00,11.64,83.86,"Posadas, Provincia de Misiones, Argentina",503.5,15.0,45.0,1,95.06,64.99,2.5,1,60.0,5.82,1,42.16,83.98,420.0,0.0,0.0,1,12.74,83.47,420.0,0.0,0.0,1,12.92,83.39,420.0,0.0,0.0,1,12.9,83.77,420.0,0.0,0.0,1
2026-05-20T03:11:12.541285+00:00,11.59,84.09,"Posadas, Provincia de Misiones, Argentina",503.47,15.0,45.0,1,94.89,65.85,2.5,1,60.0,5.79,1,42.13,84.71,420.0,0.0,0.0,1,12.29,83.82,420.0,0.0,0.0,1,11.92,83.98,420.0,0.0,0.0,1,11.77,83.91,420.0,0.0,0.0,1
2026-05-20T03:11:22.541854+00:00,11.5,84.59,"Posadas, Provincia de Misiones, Argentina",505.1,15.0,45.0,1,95.02,66.16,2.5,1,60.0,5.81,1,42.09,84.71,420.0,0.0,0.0,1,11.89,84.3,420.0,0.0,0.0,1,11.6,84.51,420.0,0.0,0.0,1,10.59,84.27,420.0,0.0,0.0,1
2026-05-20T03:11:32.543546+00:00,11.42,85.09,"Posadas, Provincia de Misiones, Argentina",503.36,15.0,45.0,1,94.96,66.74,2.5,1,60.0,5.77,1,42.12,84.94,420.0,0.0,0.0,1,11.91,84.47,420.0,0.0,0.0,1,11.33,84.77,420.0,0.0,0.0,1,10.75,84.94,420.0,0.0,0.0,1
2026-05-20T03:11:42.545026+00:00,11.34,85.59,"Posadas, Provincia de Misiones, Argentina",503.28,15.0,45.0,1,95.0,66.87,2.5,1,60.0,5.81,1,42.03,85.38,420.0,0.0,0.0,1,11.35,85.39,420.0,0.0,0.0,1,11.5,85.35,420.0,0.0,0.0,1,11.32,85.43,420.0,0.0,0.0,1
2026-05-20T03:11:52.546904+00:00,11.25,86.09,"Posadas, Provincia de Misiones, Argentina",503.44,15.0,45.0,1,94.92,67.11,2.5,1,60.0,5.78,1,42.0,85.94,420.0,0.0,0.0,1,11.06,85.79,420.0,0.0,0.0,1,11.05,85.93,420.0,0.0,0.0,1,10.94,86.31,420.0,0.0,0.0,1
2026-05-20T03:12:02.548373+00:00,11.17,86.59,"Posadas, Provincia de Misiones, Argentina",502.78,15.0,45.0,1,94.98,67.51,2.5,1,60.0,5.8,1,42.08,86.5,420.0,0.0,0.0,1,11.36,86.62,420.0,0.0,0.0,1,10.59,86.73,420.0,0.0,0.0,1,10.99,86.36,420.0,0.0,0.0,1
2026-05-20T03:12:12.549185+00:00,11.09,87.09,"Posadas, Provincia de Misiones, Argentina",503.14,15.0,45.0,1,95.06,67.97,2.5,1,60.0,5.83,1,42.08,87.01,420.0,0.0,0.0,1,11.33,86.81,420.0,0.0,0.0,1,11.12,87.06,420.0,0.0,0.0,1,10.62,86.55,420.0,0.0,0.0,1
2026-05-20T03:12:22.550240+00:00,11.06,87.59,"Posadas, Provincia de Misiones, Argentina",502.84,15.0,45.0,1,95.06,68.25,2.5,1,60.0,5.85,1,41.98,87.28,420.0,0.0,0.0,1,11.25,87.36,420.0,0.0,0.0,1,10.53,87.46,420.0,0.0,0.0,1,10.84,87.12,420.0,0.0,0.0,1
2026-05-20T03:12:32.551822+00:00,11.03,88.09,"Posadas, Provincia de Misiones, Argentina",503.42,15.0,45.0,1,95.0,68.61,2.5,1,60.0,5.83,1,42.12,88.05,420.0,0.0,0.0,1,10.81,87.81,420.0,0.0,0.0,1,10.86,87.5,420.0,0.0,0.0,1,10.59,87.71,420.0,0.0,0.0,1
2026-05-20T03:12:40.511285+00:00,11.83,83.23,"Posadas, Provincia de Misiones, Argentina",399.43,15.0,30.0,1,31.37,32.49,2.5,1,60.0,5.81,1,39.39,70.12,1422.5,0.0,0.0,1,32.18,70.15,1422.5,0.0,0.0,1,32.27,70.12,1422.5,0.0,0.0,1,36.88,69.97,1422.5,0.0,0.0,1
2026-05-20T03:12:44.617319+00:00,11.83,83.23,"Posadas, Provincia de Misiones, Argentina",402.44,15.0,30.0,1,32.55,32.51,2.5,1,60.0,5.77,1,38.85,70.21,1433.6,0.0,0.0,1,32.37,70.01,1433.6,0.0,0.0,1,32.19,70.02,1433.6,0.0,0.0,1,36.96,70.14,1433.6,0.0,0.0,1
2026-05-20T03:12:49.290177+00:00,11.9,83.0,"Posadas, Provincia de Misiones, Argentina",402.44,15.0,30.0,1,34.16,32.24,2.5,1,60.0,5.82,1,38.71,70.09,1442.0,0.0,0.0,1,32.45,70.15,1442.0,0.0,0.0,1,32.47,69.99,1442.0,0.0,0.0,1,37.06,69.94,1442.0,0.0,0.0,1
2026-05-20T03:12:59.291128+00:00,11.78,83.4,"Posadas, Provincia de Misiones, Argentina",338.89,15.0,30.0,1,9.78,45.01,2.5,1,60.0,5.82,1,42.12,80.42,469.4,0.0,0.0,1,21.14,80.46,469.4,0.0,0.0,1,21.55,80.18,469.4,0.0,0.0,1,23.24,80.56,469.4,0.0,0.0,1
2026-05-20T03:13:09.292571+00:00,11.73,83.56,"Posadas, Provincia de Misiones, Argentina",340.06,15.0,30.0,1,9.73,46.0,2.5,1,60.0,5.8,1,42.11,83.16,422.4,0.0,0.0,1,16.42,82.8,422.4,0.0,0.0,1,16.39,82.61,422.4,0.0,0.0,1,17.1,82.81,422.4,0.0,0.0,1
2026-05-20T03:13:19.295035+00:00,11.68,83.73,"Posadas, Provincia de Misiones, Argentina",339.09,15.0,30.0,1,9.68,46.1,2.5,1,60.0,5.78,1,42.11,83.71,420.1,0.0,0.0,1,14.05,83.61,420.1,0.0,0.0,1,13.69,83.53,420.1,0.0,0.0,1,13.68,83.39,420.1,0.0,0.0,1
2026-05-20T03:13:29.296489+00:00,11.63,83.9,"Posadas, Provincia de Misiones, Argentina",338.47,15.0,30.0,1,9.63,46.15,2.5,1,60.0,5.84,1,42.08,84.42,420.0,0.0,0.0,1,12.0,83.47,420.0,0.0,0.0,1,12.21,83.68,420.0,0.0,0.0,1,12.56,83.51,420.0,0.0,0.0,1
2026-05-20T03:13:39.297477+00:00,11.57,84.19,"Posadas, Provincia de Misiones, Argentina",339.01,15.0,30.0,1,57.44,39.88,2.5,1,60.0,5.83,1,42.1,84.45,420.0,0.0,0.0,1,11.73,84.28,420.0,0.0,0.0,1,11.62,83.6,420.0,0.0,0.0,1,12.17,83.84,420.0,0.0,0.0,1
2026-05-20T03:13:49.298019+00:00,11.48,84.69,"Posadas, Provincia de Misiones, Argentina",339.02,15.0,30.0,1,78.85,29.39,2.5,1,60.0,5.81,1,42.02,84.91,420.0,0.0,0.0,1,11.3,84.69,420.0,0.0,0.0,1,11.24,84.28,420.0,0.0,0.0,1,12.24,84.04,420.0,0.0,0.0,1
2026-05-20T03:13:55.603057+00:00,11.83,83.25,"Posadas, Provincia de Misiones, Argentina",400.61,15.0,30.0,1,31.23,32.69,2.5,1,60.0,5.87,1,39.04,70.08,1422.9,0.0,0.0,1,32.19,69.94,1422.9,0.0,0.0,1,32.39,70.22,1422.9,0.0,0.0,1,36.86,70.17,1422.9,0.0,0.0,1
2026-05-20T03:14:05.604421+00:00,11.78,83.42,"Posadas, Provincia de Misiones, Argentina",12.68,15.0,45.0,1,95.15,31.55,2.5,1,60.0,5.79,1,42.2,80.47,469.1,0.0,0.0,1,22.0,80.33,469.1,0.0,0.0,1,21.57,80.34,469.1,0.0,0.0,1,23.68,80.14,469.1,0.0,0.0,1
2026-05-20T03:14:15.605416+00:00,11.73,83.58,"Posadas, Provincia de Misiones, Argentina",502.64,15.0,45.0,1,94.76,58.28,2.5,1,60.0,5.77,1,42.05,83.13,422.8,0.0,0.0,1,16.28,82.93,422.4,0.0,0.0,1,16.34,83.16,422.4,0.0,0.0,1,17.16,82.63,422.4,0.0,0.0,1
2026-05-20T03:14:25.606805+00:00,11.68,83.75,"Posadas, Provincia de Misiones, Argentina",504.19,15.0,45.0,1,95.0,64.17,2.5,1,60.0,5.84,1,42.18,83.41,420.4,0.0,0.0,1,13.73,83.6,420.1,0.0,0.0,1,13.87,83.51,420.1,0.0,0.0,1,14.07,83.45,420.1,0.0,0.0,1
2026-05-20T03:14:35.607944+00:00,11.63,83.92,"Posadas, Provincia de Misiones, Argentina",503.39,15.0,45.0,1,94.64,65.56,2.5,1,60.0,5.85,1,42.13,84.14,420.0,0.0,0.0,1,12.66,83.51,420.0,0.0,0.0,1,12.42,83.71,420.0,0.0,0.0,1,12.84,83.91,420.0,0.0,0.0,1
2026-05-20T03:14:45.609709+00:00,11.56,84.25,"Posadas, Provincia de Misiones, Argentina",503.99,15.0,45.0,1,94.95,65.97,2.5,1,60.0,5.76,1,42.14,84.35,420.0,0.0,0.0,1,11.93,84.11,420.0,0.0,0.0,1,11.89,84.04,420.0,0.0,0.0,1,11.97,83.83,420.0,0.0,0.0,1
2026-05-20T03:14:55.611030+00:00,11.48,84.75,"Posadas, Provincia de Misiones, Argentina",504.65,15.0,45.0,1,94.85,66.31,2.5,1,60.0,5.78,1,41.98,84.56,420.0,0.0,0.0,1,11.99,84.29,420.0,0.0,0.0,1,11.55,84.49,420.0,0.0,0.0,1,11.8,84.14,420.0,0.0,0.0,1
2026-05-20T03:15:05.612372+00:00,11.39,85.25,"Posadas, Provincia de Misiones, Argentina",503.46,15.0,45.0,1,95.08,66.61,2.5,1,60.0,5.82,1,42.03,85.11,420.0,0.0,0.0,1,11.72,85.11,420.0,0.0,0.0,1,11.6,84.71,420.0,0.0,0.0,1,11.42,84.92,420.0,0.0,0.0,1
2026-05-20T03:15:15.613807+00:00,11.31,85.75,"Posadas, Provincia de Misiones, Argentina",503.37,15.0,45.0,1,94.92,66.98,2.5,1,60.0,5.84,1,41.99,85.57,420.0,0.0,0.0,1,11.77,85.49,420.0,0.0,0.0,1,11.38,85.4,420.0,0.0,0.0,1,11.29,85.42,420.0,0.0,0.0,1
2026-05-20T03:15:25.614657+00:00,11.23,86.25,"Posadas, Provincia de Misiones, Argentina",503.42,15.0,45.0,1,94.93,67.2,2.5,1,60.0,5.78,1,42.16,86.21,420.0,0.0,0.0,1,10.74,86.0,420.0,0.0,0.0,1,11.58,86.06,420.0,0.0,0.0,1,11.14,85.98,420.0,0.0,0.0,1
2026-05-20T03:15:35.616041+00:00,11.14,86.75,"Posadas, Provincia de Misiones, Argentina",503.9,15.0,45.0,1,95.11,67.51,2.5,1,60.0,5.82,1,42.13,86.57,420.0,0.0,0.0,1,11.3,86.33,420.0,0.0,0.0,1,12.07,86.13,420.0,0.0,0.0,1,11.26,86.36,420.0,0.0,0.0,1
2026-05-20T03:15:45.616835+00:00,11.08,87.25,"Posadas, Provincia de Misiones, Argentina",503.17,15.0,45.0,1,94.94,67.76,2.5,1,60.0,5.78,1,42.11,87.08,420.0,0.0,0.0,1,10.68,87.02,420.0,0.0,0.0,1,11.62,86.83,420.0,0.0,0.0,1,11.12,87.07,420.0,0.0,0.0,1
2026-05-20T03:15:55.617678+00:00,11.05,87.75,"Posadas, Provincia de Misiones, Argentina",502.97,15.0,45.0,1,94.87,68.24,2.5,1,60.0,5.83,1,42.0,87.9,420.0,0.0,0.0,1,10.45,87.8,420.0,0.0,0.0,1,11.49,87.06,420.0,0.0,0.0,1,11.17,87.45,420.0,0.0,0.0,1
2026-05-20T03:16:05.619521+00:00,11.02,88.25,"Posadas, Provincia de Misiones, Argentina",502.37,15.0,45.0,1,95.04,68.41,2.5,1,60.0,5.74,1,42.17,88.43,420.0,0.0,0.0,1,10.75,87.73,420.0,0.0,0.0,1,11.06,88.21,420.0,0.0,0.0,1,11.08,87.86,420.0,0.0,0.0,1
2026-05-20T03:16:10.996451+00:00,11.81,83.29,"Posadas, Provincia de Misiones, Argentina",400.52,15.0,30.0,1,31.06,32.66,2.5,1,60.0,5.83,1,38.96,70.04,1421.6,0.0,0.0,1,32.28,70.24,1421.6,0.0,0.0,1,32.22,70.18,1421.6,0.0,0.0,1,36.99,70.19,1421.6,0.0,0.0,1
2026-05-20T03:16:22.088265+00:00,11.8,83.0,"Posadas, Provincia de Misiones, Argentina",402.51,15.0,30.0,1,32.75,32.36,2.5,1,60.0,5.85,1,39.15,70.03,1432.4,0.0,0.0,1,32.36,70.06,1432.4,0.0,0.0,1,32.16,70.01,1432.4,0.0,0.0,1,37.03,69.92,1432.4,0.0,0.0,1
2026-05-20T03:16:32.090190+00:00,11.76,83.46,"Posadas, Provincia de Misiones, Argentina",217.96,15.0,30.0,1,9.76,16.08,50.0,1,60.0,5.74,1,34.21,80.44,469.0,0.0,0.0,1,21.31,80.56,469.0,0.0,0.0,1,21.77,80.25,469.0,0.0,0.0,1,23.87,80.44,469.0,0.0,0.0,1
2026-05-20T03:16:42.090718+00:00,11.71,83.62,"Posadas, Provincia de Misiones, Argentina",338.74,15.0,30.0,1,9.71,16.11,50.0,1,60.0,5.79,1,22.18,82.67,422.8,0.0,0.0,1,16.32,82.77,422.4,0.0,0.0,1,16.38,82.5,422.4,0.0,0.0,1,17.78,83.18,422.4,0.0,0.0,1
2026-05-20T03:16:52.091868+00:00,11.66,83.79,"Posadas, Provincia de Misiones, Argentina",338.94,15.0,30.0,1,17.18,13.76,50.0,1,60.0,5.76,1,16.57,83.31,420.4,0.0,0.0,1,14.19,83.57,420.1,0.0,0.0,1,14.33,83.44,420.1,0.0,0.0,1,14.4,83.92,420.1,0.0,0.0,1
2026-05-20T03:17:02.093256+00:00,11.61,83.96,"Posadas, Provincia de Misiones, Argentina",339.92,15.0,30.0,1,17.2,13.81,50.0,1,60.0,5.84,1,14.4,83.84,420.0,0.0,0.0,1,12.78,83.85,420.0,0.0,0.0,1,13.01,84.08,420.0,0.0,0.0,1,12.67,83.93,420.0,0.0,0.0,1
2026-05-20T03:17:12.093794+00:00,11.54,84.37,"Posadas, Provincia de Misiones, Argentina",339.06,15.0,30.0,1,17.29,13.78,50.0,1,60.0,5.82,1,13.2,84.21,420.0,0.0,0.0,1,12.07,83.81,420.0,0.0,0.0,1,12.54,84.6,420.0,0.0,0.0,1,12.07,84.09,420.0,0.0,0.0,1
2026-05-20T03:17:22.095222+00:00,11.45,84.87,"Posadas, Provincia de Misiones, Argentina",338.43,15.0,30.0,1,17.1,13.93,50.0,1,60.0,5.8,1,12.02,84.72,420.0,0.0,0.0,1,11.61,84.54,420.0,0.0,0.0,1,12.57,84.31,420.0,0.0,0.0,1,11.83,84.42,420.0,0.0,0.0,1
2026-05-20T03:17:32.096625+00:00,11.37,85.37,"Posadas, Provincia de Misiones, Argentina",338.27,15.0,30.0,1,16.84,13.97,50.0,1,60.0,5.82,1,11.81,84.97,420.0,0.0,0.0,1,11.49,85.2,420.0,0.0,0.0,1,11.97,85.34,420.0,0.0,0.0,1,11.99,84.88,420.0,0.0,0.0,1
2026-05-20T03:17:42.098148+00:00,11.29,85.87,"Posadas, Provincia de Misiones, Argentina",458.39,15.0,51.60563228834664,1,16.99,13.9,50.0,1,60.0,5.85,1,11.83,85.54,420.0,0.0,0.0,1,11.01,85.56,420.0,0.0,0.0,1,11.95,85.64,420.0,0.0,0.0,1,12.33,85.45,420.0,0.0,0.0,1
2026-05-20T03:17:52.099330+00:00,11.21,86.37,"Posadas, Provincia de Misiones, Argentina",490.98,15.0,43.90627444705653,1,17.06,13.8,50.0,1,60.0,5.75,1,11.73,85.79,420.0,0.0,0.0,1,11.1,85.85,420.0,0.0,0.0,1,12.21,86.15,420.0,0.0,0.0,1,12.05,85.96,420.0,0.0,0.0,1
2026-05-20T03:18:02.100221+00:00,11.12,86.87,"Posadas, Provincia de Misiones, Argentina",489.59,15.0,43.90627444705653,1,16.99,13.91,50.0,1,60.0,5.76,1,11.53,86.56,420.0,0.0,0.0,1,11.13,86.59,420.0,0.0,0.0,1,11.08,86.68,420.0,0.0,0.0,1,11.71,86.44,420.0,0.0,0.0,1
2026-05-20T03:18:12.100999+00:00,11.08,87.37,"Posadas, Provincia de Misiones, Argentina",492.07,15.0,43.90627444705653,1,16.91,14.0,50.0,1,60.0,5.8,1,11.79,87.29,420.0,0.0,0.0,1,10.91,87.04,420.0,0.0,0.0,1,11.02,87.0,420.0,0.0,0.0,1,11.64,87.25,420.0,0.0,0.0,1
2026-05-20T03:18:22.102011+00:00,11.04,87.87,"Posadas, Provincia de Misiones, Argentina",490.93,15.0,43.90627444705653,1,16.83,14.11,50.0,1,60.0,5.8,1,11.05,87.51,420.0,0.0,0.0,1,10.5,87.61,420.0,0.0,0.0,1,10.96,87.57,420.0,0.0,0.0,1,11.43,87.52,420.0,0.0,0.0,1
2026-05-20T03:18:32.103278+00:00,15.8,88.0,"Posadas, Provincia de Misiones, Argentina",496.07,15.0,43.90627444705653,1,13.8,8.31,50.0,1,60.0,15.0,1,15.66,87.99,420.0,0.0,0.0,1,15.8,87.97,420.0,0.0,0.0,1,15.79,87.98,420.0,0.0,0.0,1,15.71,88.03,420.0,0.0,0.0,1
2026-05-20T03:18:42.104238+00:00,15.8,88.0,"Posadas, Provincia de Misiones, Argentina",15.9,30.0,16.0,0,140.0,17.82,50.0,1,60.0,0.3,1,15.72,88.02,420.0,0.0,0.0,1,15.8,88.02,420.0,0.0,0.0,1,15.69,87.99,420.0,0.0,0.0,1,15.64,87.99,420.0,0.0,0.0,1
2026-05-20T03:18:52.105234+00:00,15.8,88.0,"Posadas, Provincia de Misiones, Argentina",15.56,30.0,16.0,0,13.8,40.94,50.0,1,60.0,15.0,1,15.85,88.04,420.0,0.0,0.0,1,15.83,88.0,420.0,0.0,0.0,1,15.74,88.05,420.0,0.0,0.0,1,15.73,88.02,420.0,0.0,0.0,1
2026-05-20T03:19:02.107612+00:00,15.8,88.0,"Posadas, Provincia de Misiones, Argentina",16.19,30.0,16.0,0,13.92,71.94,50.0,0,60.0,15.0,1,15.79,88.0,420.0,0.0,0.0,1,15.8,88.01,420.0,0.0,0.0,1,15.84,87.95,420.0,0.0,0.0,1,15.86,87.99,420.0,0.0,0.0,1
2026-05-20T03:19:12.108834+00:00,15.8,88.0,"Posadas, Provincia de Misiones, Argentina",15.7,30.0,16.0,0,14.6,71.96,50.0,0,60.0,0.3,1,15.83,88.01,420.0,0.0,0.0,1,15.78,88.04,420.0,0.0,0.0,1,15.73,87.99,420.0,0.0,0.0,1,15.7,87.97,420.0,0.0,0.0,1
2026-05-20T03:19:22.110385+00:00,15.8,88.0,"Posadas, Provincia de Misiones, Argentina",15.7,30.0,16.0,0,14.5,71.92,50.0,0,60.0,0.3,1,15.69,88.0,420.0,0.0,0.0,1,15.77,88.0,420.0,0.0,0.0,1,15.77,87.98,420.0,0.0,0.0,1,15.66,87.98,420.0,0.0,0.0,1
2026-05-20T03:19:32.111869+00:00,15.8,88.0,"Posadas, Provincia de Misiones, Argentina",16.0,30.0,16.0,0,14.91,71.91,50.0,0,60.0,14.99,0,15.89,88.02,420.0,0.0,0.0,1,15.88,87.99,420.0,0.0,0.0,1,15.81,88.0,420.0,0.0,0.0,1,15.76,87.98,420.0,0.0,0.0,1
2026-05-20T03:19:42.113762+00:00,15.8,88.0,"Posadas, Provincia de Misiones, Argentina",15.57,30.0,16.0,0,14.98,71.95,50.0,0,60.0,14.95,0,15.48,87.98,420.0,0.0,0.0,1,15.73,88.0,420.0,0.0,0.0,1,15.85,87.99,420.0,0.0,0.0,1,15.7,88.01,420.0,0.0,0.0,1
2026-05-20T03:19:52.114669+00:00,15.8,88.0,"Posadas, Provincia de Misiones, Argentina",16.14,30.0,16.0,0,13.94,71.92,50.0,0,60.0,15.0,0,15.68,87.98,420.0,0.0,0.0,0,15.61,87.98,420.0,0.0,0.0,1,15.59,87.97,420.0,0.0,0.0,1,15.62,88.0,420.0,0.0,0.0,1
2026-05-20T03:20:02.115668+00:00,15.8,88.0,"Posadas, Provincia de Misiones, Argentina",15.85,30.0,16.0,0,14.59,71.96,50.0,0,60.0,14.86,0,15.4,88.05,420.0,0.0,0.0,0,15.68,88.01,420.0,0.0,0.0,1,15.82,87.99,420.0,0.0,0.0,1,15.75,88.04,420.0,0.0,0.0,1
2026-05-20T03:20:12.117288+00:00,15.8,88.0,"Posadas, Provincia de Misiones, Argentina",15.73,30.0,16.0,0,15.36,71.95,50.0,0,60.0,14.8,0,15.03,87.91,420.0,0.0,0.0,0,15.88,87.99,420.0,0.0,0.0,1,15.71,87.94,420.0,0.0,0.0,1,15.72,88.01,420.0,0.0,0.0,1
2026-05-20T03:20:26.048997+00:00,11.39,85.28,"Posadas, Provincia de Misiones, Argentina",473.71,15.0,30.0,1,9.39,46.79,2.5,1,60.0,15.0,1,47.99,76.57,420.0,0.0,0.0,1,21.17,76.36,420.0,0.0,0.0,1,21.14,76.39,420.0,0.0,0.0,1,21.15,76.35,420.0,0.0,0.0,1
2026-05-20T03:20:36.049663+00:00,15.3,62.61,"Posadas, Provincia de Misiones, Argentina",343.69,15.0,30.0,1,13.3,41.72,2.5,1,60.0,15.0,1,42.35,63.21,420.0,0.0,0.0,1,13.86,63.04,420.0,0.0,0.0,1,13.81,63.03,420.0,0.0,0.0,1,13.89,62.98,420.0,0.0,0.0,1
2026-05-20T03:20:43.484253+00:00,11.8,83.0,"Posadas, Provincia de Misiones, Argentina",177.11,15.0,30.0,1,22.0,43.56,2.5,1,60.0,0.3,1,50.97,70.17,420.0,0.0,0.0,1,24.05,69.95,420.0,0.0,0.0,1,24.06,70.0,420.0,0.0,0.0,1,24.16,70.04,420.0,0.0,0.0,1
2026-05-20T03:20:53.485575+00:00,18.0,80.0,"Posadas, Provincia de Misiones, Argentina",345.65,15.0,30.0,1,16.0,49.27,2.5,1,60.0,15.0,1,44.81,80.16,420.0,0.0,0.0,1,17.92,79.98,420.0,0.0,0.0,1,18.03,80.0,420.0,0.0,0.0,1,17.88,79.98,420.0,0.0,0.0,1
2026-05-20T03:21:03.486168+00:00,12.86,84.03,"Posadas, Misiones, Argentina",342.04,15.0,30.0,1,10.86,51.01,2.5,1,60.0,0.3,1,47.03,83.98,420.0,0.0,0.0,1,12.9,83.78,420.0,0.0,0.0,1,12.95,83.84,420.0,0.0,0.0,1,12.9,83.83,420.0,0.0,0.0,1
2026-05-20T03:21:13.488159+00:00,9.9,91.0,"Posadas, Misiones, Argentina",337.65,15.0,30.0,1,7.9,54.06,2.5,1,60.0,15.0,1,43.21,91.15,420.0,0.0,0.0,1,9.91,91.0,420.0,0.0,0.0,1,9.85,91.0,420.0,0.0,0.0,1,10.02,90.97,420.0,0.0,0.0,1
2026-05-20T03:21:23.657634+00:00,16.07,68.14,"Posadas, Misiones, Argentina",340.79,15.0,30.0,1,14.07,45.09,2.5,1,60.0,15.0,1,43.07,67.91,420.0,0.0,0.0,1,16.26,67.78,420.0,0.0,0.0,1,16.3,67.76,420.0,0.0,0.0,1,16.31,67.73,420.0,0.0,0.0,1
2026-05-20T03:21:33.659752+00:00,9.6,88.02,"Posadas, Misiones, Argentina",337.41,15.0,30.0,1,7.6,52.77,2.5,1,60.0,15.0,1,50.43,88.03,420.0,0.0,0.0,1,9.65,87.89,420.0,0.0,0.0,1,9.6,87.86,420.0,0.0,0.0,1,9.59,87.84,420.0,0.0,0.0,1
2026-05-20T03:21:43.661063+00:00,16.13,64.42,"Posadas, Misiones, Argentina",343.88,15.0,30.0,1,14.13,42.44,2.5,1,60.0,0.3,1,43.04,64.85,420.0,0.0,0.0,1,14.87,64.64,420.0,0.0,0.0,1,14.72,64.63,420.0,0.0,0.0,1,14.95,64.65,420.0,0.0,0.0,1
2026-05-20T03:21:53.661877+00:00,11.63,88.09,"Posadas, Misiones, Argentina",339.64,15.0,30.0,1,9.63,52.74,2.5,1,60.0,15.0,1,44.37,88.11,420.0,0.0,0.0,1,11.69,88.01,420.0,0.0,0.0,1,11.78,87.95,420.0,0.0,0.0,1,11.71,87.94,420.0,0.0,0.0,1
2026-05-20T03:22:03.663683+00:00,11.97,88.45,"Posadas, Misiones, Argentina",339.36,15.0,30.0,1,9.97,53.0,2.5,1,60.0,15.0,1,51.55,88.95,420.0,0.0,0.0,1,10.87,88.79,420.0,0.0,0.0,1,10.68,88.76,420.0,0.0,0.0,1,10.83,88.78,420.0,0.0,0.0,1
2026-05-20T03:22:13.665080+00:00,16.18,86.11,"Posadas, Misiones, Argentina",343.67,15.0,30.0,1,14.18,51.89,2.5,1,60.0,0.3,1,43.12,86.01,420.0,0.0,0.0,1,16.34,85.79,420.0,0.0,0.0,1,16.3,85.79,420.0,0.0,0.0,1,16.35,85.84,420.0,0.0,0.0,1
2026-05-20T03:22:23.666385+00:00,15.8,88.0,"Posadas, Misiones, Argentina",343.48,15.0,30.0,1,13.8,52.74,2.5,1,60.0,15.0,1,42.59,88.15,420.0,0.0,0.0,1,15.76,88.02,420.0,0.0,0.0,1,15.81,87.99,420.0,0.0,0.0,1,15.77,88.04,420.0,0.0,0.0,1
2026-05-20T03:22:33.666966+00:00,15.8,88.0,"Posadas, Misiones, Argentina",343.63,15.0,30.0,1,13.8,52.74,2.5,1,60.0,0.3,1,42.65,88.19,420.0,0.0,0.0,1,15.88,88.02,420.0,0.0,0.0,1,15.77,88.02,420.0,0.0,0.0,1,15.77,88.02,420.0,0.0,0.0,1
2026-05-20T03:22:43.667652+00:00,15.8,88.0,"Posadas, Misiones, Argentina",344.39,15.0,30.0,1,13.8,52.75,2.5,1,60.0,15.0,1,42.62,88.12,420.0,0.0,0.0,1,15.8,87.96,420.0,0.0,0.0,1,15.8,87.95,420.0,0.0,0.0,1,15.78,88.02,420.0,0.0,0.0,1
2026-05-20T03:22:53.669391+00:00,15.8,88.0,"Posadas, Misiones, Argentina",344.71,15.0,30.0,1,13.8,52.77,2.5,1,60.0,15.0,1,42.67,88.22,420.0,0.0,0.0,1,15.66,88.04,420.0,0.0,0.0,1,15.76,87.95,420.0,0.0,0.0,1,15.79,88.01,420.0,0.0,0.0,1
2026-05-20T03:23:03.670389+00:00,15.8,88.0,"Posadas, Misiones, Argentina",344.51,15.0,30.0,1,13.8,52.74,2.5,1,60.0,0.3,1,42.57,88.19,420.0,0.0,0.0,1,15.77,87.97,420.0,0.0,0.0,1,15.68,88.01,420.0,0.0,0.0,1,15.74,87.97,420.0,0.0,0.0,1
2026-05-20T03:23:13.671393+00:00,15.8,88.0,"Posadas, Misiones, Argentina",344.45,15.0,30.0,1,13.8,52.73,2.5,1,60.0,15.0,1,42.63,88.15,420.0,0.0,0.0,1,15.79,87.95,420.0,0.0,0.0,1,15.8,87.96,420.0,0.0,0.0,1,15.73,87.95,420.0,0.0,0.0,1
2026-05-20T03:23:23.672003+00:00,15.8,88.0,"Posadas, Misiones, Argentina",343.51,15.0,30.0,1,13.8,52.76,2.5,1,60.0,15.0,1,42.57,88.14,420.0,0.0,0.0,1,15.82,88.03,420.0,0.0,0.0,1,15.79,88.05,420.0,0.0,0.0,1,15.81,88.02,420.0,0.0,0.0,1
2026-05-20T03:23:33.673216+00:00,15.8,88.0,"Posadas, Misiones, Argentina",344.0,15.0,30.0,1,13.8,52.73,2.5,1,60.0,0.3,1,42.55,88.18,420.0,0.0,0.0,1,15.71,88.02,420.0,0.0,0.0,1,15.66,88.0,420.0,0.0,0.0,1,15.67,87.97,420.0,0.0,0.0,1
2026-05-20T03:23:43.674303+00:00,15.8,88.0,"Posadas, Misiones, Argentina",343.31,15.0,30.0,1,13.8,52.78,2.5,1,60.0,15.0,1,42.56,88.14,420.0,0.0,0.0,1,15.79,87.98,420.0,0.0,0.0,1,15.67,88.06,420.0,0.0,0.0,1,15.85,87.99,420.0,0.0,0.0,1
2026-05-20T03:23:53.675664+00:00,15.8,88.0,"Posadas, Misiones, Argentina",343.12,15.0,30.0,1,13.8,52.74,2.5,1,60.0,15.0,1,42.54,88.15,420.0,0.0,0.0,1,15.88,88.0,420.0,0.0,0.0,1,15.65,88.0,420.0,0.0,0.0,1,15.63,88.03,420.0,0.0,0.0,1
2026-05-20T03:24:03.676351+00:00,15.8,88.0,"Posadas, Misiones, Argentina",344.28,15.0,30.0,1,13.8,52.75,2.5,1,60.0,0.3,1,42.64,88.16,420.0,0.0,0.0,1,15.73,88.01,420.0,0.0,0.0,1,15.89,88.0,420.0,0.0,0.0,1,15.69,88.0,420.0,0.0,0.0,1
2026-05-20T03:24:13.677644+00:00,15.8,88.0,"Posadas, Misiones, Argentina",346.79,15.0,30.0,1,13.8,52.74,2.5,1,60.0,15.0,1,42.51,88.14,420.0,0.0,0.0,1,15.87,88.01,420.0,0.0,0.0,1,15.72,88.01,420.0,0.0,0.0,1,15.7,88.01,420.0,0.0,0.0,1
2026-05-20T03:24:23.679080+00:00,15.8,88.0,"Posadas, Misiones, Argentina",343.64,15.0,30.0,1,13.8,52.76,2.5,1,60.0,0.3,1,42.68,88.16,420.0,0.0,0.0,1,15.74,88.02,420.0,0.0,0.0,1,15.68,88.02,420.0,0.0,0.0,1,15.73,88.04,420.0,0.0,0.0,1
2026-05-20T03:24:33.679607+00:00,15.8,88.0,"Posadas, Misiones, Argentina",344.03,15.0,30.0,1,13.8,52.76,2.5,1,60.0,15.0,1,42.66,88.17,420.0,0.0,0.0,1,15.68,88.03,420.0,0.0,0.0,1,15.8,88.02,420.0,0.0,0.0,1,15.64,88.05,420.0,0.0,0.0,1
2026-05-20T03:24:43.680161+00:00,15.8,88.0,"Posadas, Misiones, Argentina",344.29,15.0,30.0,1,13.8,52.74,2.5,1,60.0,0.3,1,42.53,88.16,420.0,0.0,0.0,1,15.71,88.0,420.0,0.0,0.0,1,15.67,88.02,420.0,0.0,0.0,1,15.77,88.04,420.0,0.0,0.0,1
2026-05-20T03:24:53.681605+00:00,15.8,88.0,"Posadas, Misiones, Argentina",343.8,15.0,30.0,1,13.8,52.75,2.5,1,60.0,15.0,1,42.6,88.22,420.0,0.0,0.0,1,15.83,87.98,420.0,0.0,0.0,1,15.73,88.0,420.0,0.0,0.0,1,15.85,88.01,420.0,0.0,0.0,1
2026-05-20T03:25:03.682464+00:00,15.8,88.0,"Posadas, Misiones, Argentina",343.61,15.0,30.0,1,13.8,52.75,2.5,1,60.0,0.3,1,42.66,88.15,420.0,0.0,0.0,1,15.82,87.94,420.0,0.0,0.0,1,15.79,87.98,420.0,0.0,0.0,1,15.71,87.95,420.0,0.0,0.0,1
2026-05-20T03:25:13.683922+00:00,15.8,88.0,"Posadas, Misiones, Argentina",344.99,15.0,30.0,1,13.8,52.83,2.5,1,60.0,15.0,1,42.61,88.14,420.0,0.0,0.0,1,15.82,88.01,420.0,0.0,0.0,1,15.91,88.0,420.0,0.0,0.0,1,15.75,87.99,420.0,0.0,0.0,1
2026-05-20T03:25:23.684488+00:00,15.8,88.0,"Posadas, Misiones, Argentina",343.53,15.0,30.0,1,13.8,52.75,2.5,1,60.0,0.3,1,42.68,88.16,420.0,0.0,0.0,1,15.72,88.03,420.0,0.0,0.0,1,15.73,88.04,420.0,0.0,0.0,1,15.8,87.93,420.0,0.0,0.0,1
2026-05-20T03:25:33.685520+00:00,15.8,88.0,"Posadas, Misiones, Argentina",344.54,15.0,30.0,1,13.8,52.77,2.5,1,60.0,15.0,1,42.67,88.19,420.0,0.0,0.0,1,15.8,88.0,420.0,0.0,0.0,1,15.62,87.98,420.0,0.0,0.0,1,15.8,88.0,420.0,0.0,0.0,1
2026-05-20T03:25:43.686535+00:00,15.8,88.0,"Posadas, Misiones, Argentina",344.29,15.0,30.0,1,13.8,52.74,2.5,1,60.0,0.3,1,42.65,88.17,420.0,0.0,0.0,1,15.63,88.02,420.0,0.0,0.0,1,15.82,87.99,420.0,0.0,0.0,1,15.77,87.96,420.0,0.0,0.0,1
2026-05-20T03:25:53.687660+00:00,15.8,88.0,"Posadas, Misiones, Argentina",344.03,15.0,30.0,1,13.8,52.81,2.5,1,60.0,0.3,1,42.59,88.14,420.0,0.0,0.0,1,15.76,87.98,420.0,0.0,0.0,1,15.82,87.99,420.0,0.0,0.0,1,15.83,87.99,420.0,0.0,0.0,1
2026-05-20T03:26:03.688791+00:00,15.8,88.0,"Posadas, Misiones, Argentina",344.69,15.0,30.0,1,13.8,52.76,2.5,1,60.0,15.0,1,42.64,88.11,420.0,0.0,0.0,1,15.79,88.01,420.0,0.0,0.0,1,15.75,87.99,420.0,0.0,0.0,1,15.76,88.02,420.0,0.0,0.0,1
2026-05-20T03:26:13.690115+00:00,15.8,88.0,"Posadas, Misiones, Argentina",343.4,15.0,30.0,1,13.8,52.76,2.5,1,60.0,0.3,1,42.65,88.18,420.0,0.0,0.0,1,15.77,87.97,420.0,0.0,0.0,1,15.62,87.99,420.0,0.0,0.0,1,15.74,87.99,420.0,0.0,0.0,1
2026-05-20T03:26:23.691623+00:00,15.8,88.0,"Posadas, Misiones, Argentina",343.88,15.0,30.0,1,13.8,52.77,2.5,1,60.0,0.3,1,42.55,88.16,420.0,0.0,0.0,1,15.67,87.99,420.0,0.0,0.0,1,15.79,88.01,420.0,0.0,0.0,1,15.86,88.0,420.0,0.0,0.0,1
2026-05-20T03:26:33.692699+00:00,15.8,88.0,"Posadas, Misiones, Argentina",343.77,15.0,30.0,1,13.8,52.74,2.5,1,60.0,0.3,1,42.62,88.18,420.0,0.0,0.0,1,15.81,88.02,420.0,0.0,0.0,1,15.65,87.99,420.0,0.0,0.0,1,15.61,87.98,420.0,0.0,0.0,1
2026-05-20T03:26:43.693820+00:00,15.8,88.0,"Posadas, Misiones, Argentina",343.83,15.0,30.0,1,13.8,52.73,2.5,1,60.0,15.0,1,42.62,88.16,420.0,0.0,0.0,1,15.75,88.0,420.0,0.0,0.0,1,15.84,87.98,420.0,0.0,0.0,1,15.74,88.0,420.0,0.0,0.0,1
2026-05-20T03:26:53.694336+00:00,15.8,88.0,"Posadas, Misiones, Argentina",343.52,15.0,30.0,1,13.8,52.77,2.5,1,60.0,0.3,1,42.68,88.17,420.0,0.0,0.0,1,15.76,88.04,420.0,0.0,0.0,1,15.66,88.03,420.0,0.0,0.0,1,15.87,88.01,420.0,0.0,0.0,1
2026-05-20T03:27:03.695026+00:00,15.8,88.0,"Posadas, Misiones, Argentina",343.95,15.0,30.0,1,13.8,52.77,2.5,1,60.0,15.0,1,42.61,88.21,420.0,0.0,0.0,1,15.71,88.03,420.0,0.0,0.0,1,15.76,87.99,420.0,0.0,0.0,1,15.84,87.94,420.0,0.0,0.0,1
2026-05-20T03:27:13.696389+00:00,15.8,88.0,"Posadas, Misiones, Argentina",344.0,15.0,30.0,1,13.8,52.78,2.5,1,60.0,0.3,1,42.64,88.17,420.0,0.0,0.0,1,15.71,87.99,420.0,0.0,0.0,1,15.74,87.99,420.0,0.0,0.0,1,15.81,87.96,420.0,0.0,0.0,1
2026-05-20T03:27:23.697555+00:00,15.8,88.0,"Posadas, Misiones, Argentina",343.93,15.0,30.0,1,13.8,52.75,2.5,1,60.0,15.0,1,42.67,88.2,420.0,0.0,0.0,1,15.77,88.01,420.0,0.0,0.0,1,15.73,88.04,420.0,0.0,0.0,1,15.8,88.0,420.0,0.0,0.0,1
2026-05-20T03:27:33.698768+00:00,15.8,88.0,"Posadas, Misiones, Argentina",344.11,15.0,30.0,1,13.8,52.78,2.5,1,60.0,0.3,1,42.63,88.14,420.0,0.0,0.0,1,15.74,87.97,420.0,0.0,0.0,1,15.77,87.98,420.0,0.0,0.0,1,15.79,87.95,420.0,0.0,0.0,1
2026-05-20T03:27:43.699951+00:00,15.8,88.0,"Posadas, Misiones, Argentina",344.4,15.0,30.0,1,13.8,52.74,2.5,1,60.0,15.0,1,42.64,88.18,420.0,0.0,0.0,1,15.85,87.98,420.0,0.0,0.0,1,15.77,88.02,420.0,0.0,0.0,1,15.84,88.01,420.0,0.0,0.0,1
2026-05-20T03:27:53.700934+00:00,15.8,88.0,"Posadas, Misiones, Argentina",343.96,15.0,30.0,1,13.8,52.77,2.5,1,60.0,0.3,1,42.61,88.12,420.0,0.0,0.0,1,15.79,88.01,420.0,0.0,0.0,1,15.92,87.97,420.0,0.0,0.0,1,15.71,88.03,420.0,0.0,0.0,1
2026-05-20T03:28:03.702082+00:00,15.8,88.0,"Posadas, Misiones, Argentina",343.64,15.0,30.0,1,13.8,52.76,2.5,1,60.0,0.3,1,42.53,88.17,420.0,0.0,0.0,1,15.83,87.95,420.0,0.0,0.0,1,15.71,88.03,420.0,0.0,0.0,1,15.91,87.95,420.0,0.0,0.0,1
2026-05-20T03:28:13.703264+00:00,15.8,88.0,"Posadas, Misiones, Argentina",343.67,15.0,30.0,1,13.8,52.75,2.5,1,60.0,15.0,1,42.55,88.13,420.0,0.0,0.0,1,15.67,88.06,420.0,0.0,0.0,1,15.74,88.06,420.0,0.0,0.0,1,15.85,87.99,420.0,0.0,0.0,1
2026-05-20T03:28:23.704148+00:00,15.8,88.0,"Posadas, Misiones, Argentina",344.45,15.0,30.0,1,13.8,52.78,2.5,1,60.0,0.3,1,42.57,88.2,420.0,0.0,0.0,1,15.68,88.06,420.0,0.0,0.0,1,15.78,88.01,420.0,0.0,0.0,1,15.75,88.0,420.0,0.0,0.0,1
2026-05-20T03:28:33.706010+00:00,15.8,88.0,"Posadas, Misiones, Argentina",343.84,15.0,30.0,1,13.8,52.74,2.5,1,60.0,0.3,1,42.56,88.19,420.0,0.0,0.0,1,15.82,87.95,420.0,0.0,0.0,1,15.74,88.0,420.0,0.0,0.0,1,15.65,87.98,420.0,0.0,0.0,1
2026-05-20T03:28:43.706590+00:00,15.8,88.0,"Posadas, Misiones, Argentina",343.84,15.0,30.0,1,13.8,52.74,2.5,1,60.0,15.0,1,42.67,88.18,420.0,0.0,0.0,1,15.79,87.98,420.0,0.0,0.0,1,15.85,88.01,420.0,0.0,0.0,1,15.82,87.97,420.0,0.0,0.0,1
2026-05-20T03:28:53.707800+00:00,15.8,88.0,"Posadas, Misiones, Argentina",343.92,15.0,30.0,1,13.8,52.73,2.5,1,60.0,0.3,1,42.65,88.14,420.0,0.0,0.0,1,15.88,87.97,420.0,0.0,0.0,1,15.6,87.94,420.0,0.0,0.0,1,15.78,87.98,420.0,0.0,0.0,1
2026-05-20T03:29:03.709326+00:00,15.8,88.0,"Posadas, Misiones, Argentina",343.83,15.0,30.0,1,13.8,52.74,2.5,1,60.0,15.0,1,42.6,88.19,420.0,0.0,0.0,1,15.85,88.02,420.0,0.0,0.0,1,15.73,88.02,420.0,0.0,0.0,1,15.75,87.95,420.0,0.0,0.0,1
2026-05-20T03:29:13.710354+00:00,15.8,88.0,"Posadas, Misiones, Argentina",343.58,15.0,30.0,1,13.8,52.76,2.5,1,60.0,15.0,1,42.55,88.21,420.0,0.0,0.0,1,15.8,88.04,420.0,0.0,0.0,1,15.78,88.0,420.0,0.0,0.0,1,15.64,87.97,420.0,0.0,0.0,1
2026-05-20T03:29:23.711194+00:00,15.8,88.0,"Posadas, Misiones, Argentina",344.62,15.0,30.0,1,13.8,52.77,2.5,1,60.0,0.3,1,42.66,88.13,420.0,0.0,0.0,1,15.74,87.99,420.0,0.0,0.0,1,15.7,87.95,420.0,0.0,0.0,1,15.72,88.04,420.0,0.0,0.0,1
2026-05-20T03:29:33.715085+00:00,15.8,88.0,"Posadas, Misiones, Argentina",343.28,15.0,30.0,1,13.8,52.73,2.5,1,60.0,0.3,1,42.53,88.16,420.0,0.0,0.0,1,15.73,87.96,420.0,0.0,0.0,1,15.85,87.98,420.0,0.0,0.0,1,15.67,87.96,420.0,0.0,0.0,1
2026-05-20T03:29:43.716050+00:00,15.8,88.0,"Posadas, Misiones, Argentina",344.28,15.0,30.0,1,13.8,52.73,2.5,1,60.0,15.0,1,42.63,88.19,420.0,0.0,0.0,1,15.78,88.07,420.0,0.0,0.0,1,15.85,88.04,420.0,0.0,0.0,1,15.81,87.98,420.0,0.0,0.0,1
2026-05-20T03:29:53.716876+00:00,15.8,88.0,"Posadas, Misiones, Argentina",343.25,15.0,30.0,1,13.8,52.74,2.5,1,60.0,15.0,1,42.62,88.2,420.0,0.0,0.0,1,15.74,88.03,420.0,0.0,0.0,1,15.85,87.99,420.0,0.0,0.0,1,15.79,88.01,420.0,0.0,0.0,1
2026-05-20T03:30:03.720188+00:00,15.8,88.0,"Posadas, Misiones, Argentina",343.62,15.0,30.0,1,13.8,52.76,2.5,1,60.0,0.3,1,42.61,88.17,420.0,0.0,0.0,1,15.67,88.0,420.0,0.0,0.0,1,15.84,87.97,420.0,0.0,0.0,1,15.66,87.98,420.0,0.0,0.0,1
2026-05-20T03:30:13.721456+00:00,15.8,88.0,"Posadas, Misiones, Argentina",343.71,15.0,30.0,1,13.8,52.78,2.5,1,60.0,15.0,1,42.59,88.19,420.0,0.0,0.0,1,15.73,88.01,420.0,0.0,0.0,1,15.86,88.0,420.0,0.0,0.0,1,15.8,87.95,420.0,0.0,0.0,1
2026-05-20T03:30:23.723211+00:00,15.8,88.0,"Posadas, Misiones, Argentina",343.61,15.0,30.0,1,13.8,52.73,2.5,1,60.0,0.3,1,42.61,88.18,420.0,0.0,0.0,1,15.74,88.01,420.0,0.0,0.0,1,15.86,87.99,420.0,0.0,0.0,1,15.85,88.01,420.0,0.0,0.0,1
2026-05-20T03:30:33.724199+00:00,15.8,88.0,"Posadas, Misiones, Argentina",344.26,15.0,30.0,1,13.8,52.75,2.5,1,60.0,15.0,1,42.55,88.16,420.0,0.0,0.0,1,15.59,88.04,420.0,0.0,0.0,1,15.79,88.0,420.0,0.0,0.0,1,15.77,88.05,420.0,0.0,0.0,1
2026-05-20T03:30:43.724881+00:00,15.8,88.0,"Posadas, Misiones, Argentina",343.98,15.0,30.0,1,13.8,52.77,2.5,1,60.0,15.0,1,42.56,88.15,420.0,0.0,0.0,1,15.62,88.01,420.0,0.0,0.0,1,15.74,87.98,420.0,0.0,0.0,1,15.86,88.0,420.0,0.0,0.0,1
2026-05-20T03:30:53.726040+00:00,15.8,88.0,"Posadas, Misiones, Argentina",343.83,15.0,30.0,1,13.8,52.77,2.5,1,60.0,0.3,1,42.61,88.15,420.0,0.0,0.0,1,15.75,88.0,420.0,0.0,0.0,1,15.84,88.01,420.0,0.0,0.0,1,15.78,88.04,420.0,0.0,0.0,1
2026-05-20T03:31:03.727427+00:00,15.8,88.0,"Posadas, Misiones, Argentina",344.14,15.0,30.0,1,13.8,52.77,2.5,1,60.0,15.0,1,42.63,88.11,420.0,0.0,0.0,1,15.85,88.02,420.0,0.0,0.0,1,15.55,87.95,420.0,0.0,0.0,1,15.78,88.0,420.0,0.0,0.0,1
2026-05-20T03:31:13.729441+00:00,15.8,88.0,"Posadas, Misiones, Argentina",343.88,15.0,30.0,1,13.8,52.75,2.5,1,60.0,0.3,1,42.56,88.12,420.0,0.0,0.0,1,15.77,87.98,420.0,0.0,0.0,1,15.7,87.99,420.0,0.0,0.0,1,15.73,88.01,420.0,0.0,0.0,1
2026-05-20T03:31:23.730723+00:00,15.8,88.0,"Posadas, Misiones, Argentina",344.45,15.0,30.0,1,13.8,52.74,2.5,1,60.0,15.0,1,42.62,88.2,420.0,0.0,0.0,1,15.79,88.0,420.0,0.0,0.0,1,15.66,88.01,420.0,0.0,0.0,1,15.82,87.98,420.0,0.0,0.0,1
2026-05-20T03:31:33.731990+00:00,15.8,88.0,"Posadas, Misiones, Argentina",344.6,15.0,30.0,1,13.8,52.75,2.5,1,60.0,15.0,1,42.6,88.16,420.0,0.0,0.0,1,15.82,87.94,420.0,0.0,0.0,1,15.68,88.01,420.0,0.0,0.0,1,15.7,88.0,420.0,0.0,0.0,1
2026-05-20T03:31:43.733047+00:00,15.8,88.0,"Posadas, Misiones, Argentina",343.76,15.0,30.0,1,13.8,52.78,2.5,1,60.0,0.3,1,42.51,88.16,420.0,0.0,0.0,1,15.79,88.0,420.0,0.0,0.0,1,15.76,87.99,420.0,0.0,0.0,1,15.65,87.98,420.0,0.0,0.0,1
2026-05-20T03:31:53.733694+00:00,15.8,88.0,"Posadas, Misiones, Argentina",344.02,15.0,30.0,1,13.8,52.75,2.5,1,60.0,15.0,1,42.54,88.13,420.0,0.0,0.0,1,15.79,87.99,420.0,0.0,0.0,1,15.79,87.98,420.0,0.0,0.0,1,15.81,87.96,420.0,0.0,0.0,1
2026-05-20T03:32:03.735181+00:00,15.8,88.0,"Posadas, Misiones, Argentina",344.22,15.0,30.0,1,13.8,52.83,2.5,1,60.0,0.3,1,42.58,88.15,420.0,0.0,0.0,1,15.76,88.02,420.0,0.0,0.0,1,15.74,88.05,420.0,0.0,0.0,1,15.7,87.99,420.0,0.0,0.0,1
2026-05-20T03:32:13.736553+00:00,15.8,88.0,"Posadas, Misiones, Argentina",344.55,15.0,30.0,1,13.8,52.74,2.5,1,60.0,15.0,1,42.6,88.16,420.0,0.0,0.0,1,15.83,87.99,420.0,0.0,0.0,1,15.66,87.96,420.0,0.0,0.0,1,15.7,88.02,420.0,0.0,0.0,1
2026-05-20T03:32:23.737208+00:00,15.8,88.0,"Posadas, Misiones, Argentina",343.72,15.0,30.0,1,13.8,52.81,2.5,1,60.0,15.0,1,42.67,88.14,420.0,0.0,0.0,1,15.88,88.04,420.0,0.0,0.0,1,15.79,87.98,420.0,0.0,0.0,1,15.62,88.02,420.0,0.0,0.0,1
2026-05-20T03:32:33.738682+00:00,15.8,88.0,"Posadas, Misiones, Argentina",343.66,15.0,30.0,1,13.8,52.87,2.5,1,60.0,0.3,1,42.53,88.15,420.0,0.0,0.0,1,15.85,88.0,420.0,0.0,0.0,1,15.77,87.98,420.0,0.0,0.0,1,15.73,87.98,420.0,0.0,0.0,1
2026-05-20T03:32:43.739526+00:00,15.8,88.0,"Posadas, Misiones, Argentina",344.17,15.0,30.0,1,13.8,52.73,2.5,1,60.0,15.0,1,42.67,88.2,420.0,0.0,0.0,1,15.7,88.01,420.0,0.0,0.0,1,15.82,87.98,420.0,0.0,0.0,1,15.68,88.02,420.0,0.0,0.0,1
2026-05-20T03:32:53.740794+00:00,15.8,88.0,"Posadas, Misiones, Argentina",345.12,15.0,30.0,1,13.8,52.77,2.5,1,60.0,15.0,1,42.64,88.15,420.0,0.0,0.0,1,15.82,87.97,420.0,0.0,0.0,1,15.86,88.01,420.0,0.0,0.0,1,15.69,87.98,420.0,0.0,0.0,1
2026-05-20T03:33:03.741542+00:00,15.8,88.0,"Posadas, Misiones, Argentina",343.71,15.0,30.0,1,13.8,52.84,2.5,1,60.0,0.3,1,42.62,88.1,420.0,0.0,0.0,1,15.63,88.03,420.0,0.0,0.0,1,15.84,87.99,420.0,0.0,0.0,1,15.67,87.99,420.0,0.0,0.0,1
2026-05-20T03:33:13.742206+00:00,15.8,88.0,"Posadas, Misiones, Argentina",344.12,15.0,30.0,1,13.8,52.79,2.5,1,60.0,15.0,1,42.58,88.18,420.0,0.0,0.0,1,15.74,88.01,420.0,0.0,0.0,1,15.81,88.0,420.0,0.0,0.0,1,15.77,88.02,420.0,0.0,0.0,1
2026-05-20T03:33:23.743224+00:00,15.8,88.0,"Posadas, Misiones, Argentina",343.72,15.0,30.0,1,13.8,52.74,2.5,1,60.0,15.0,1,42.55,88.17,420.0,0.0,0.0,1,15.75,88.03,420.0,0.0,0.0,1,15.77,87.97,420.0,0.0,0.0,1,15.6,87.96,420.0,0.0,0.0,1
2026-05-20T03:33:33.744640+00:00,15.8,88.0,"Posadas, Misiones, Argentina",343.67,15.0,30.0,1,13.8,52.86,2.5,1,60.0,15.0,1,42.58,88.19,420.0,0.0,0.0,1,15.83,87.99,420.0,0.0,0.0,1,15.88,88.0,420.0,0.0,0.0,1,15.77,88.01,420.0,0.0,0.0,1
2026-05-20T03:33:43.747056+00:00,15.8,88.0,"Posadas, Misiones, Argentina",344.07,15.0,30.0,1,13.8,52.74,2.5,1,60.0,15.0,1,42.6,88.15,420.0,0.0,0.0,1,15.77,87.99,420.0,0.0,0.0,1,15.64,88.0,420.0,0.0,0.0,1,15.85,87.98,420.0,0.0,0.0,1
2026-05-20T03:33:53.747807+00:00,15.8,88.0,"Posadas, Misiones, Argentina",343.95,15.0,30.0,1,13.8,52.74,2.5,1,60.0,15.0,1,42.63,88.14,420.0,0.0,0.0,1,15.7,87.99,420.0,0.0,0.0,1,15.59,87.99,420.0,0.0,0.0,1,15.8,88.02,420.0,0.0,0.0,1
2026-05-20T03:34:03.750064+00:00,15.8,88.0,"Posadas, Misiones, Argentina",343.98,15.0,30.0,1,13.8,52.77,2.5,1,60.0,0.3,1,42.57,88.15,420.0,0.0,0.0,1,15.85,87.95,420.0,0.0,0.0,1,15.83,88.01,420.0,0.0,0.0,1,15.82,87.99,420.0,0.0,0.0,1
2026-05-20T03:34:13.750987+00:00,15.8,88.0,"Posadas, Misiones, Argentina",342.81,15.0,30.0,1,13.8,52.76,2.5,1,60.0,15.0,1,42.5,88.18,420.0,0.0,0.0,1,15.68,87.98,420.0,0.0,0.0,1,15.86,87.95,420.0,0.0,0.0,1,15.81,88.0,420.0,0.0,0.0,1
2026-05-20T03:34:23.752279+00:00,15.8,88.0,"Posadas, Misiones, Argentina",344.59,15.0,30.0,1,13.8,52.75,2.5,1,60.0,0.3,1,42.66,88.15,420.0,0.0,0.0,1,15.76,88.03,420.0,0.0,0.0,1,15.81,87.98,420.0,0.0,0.0,1,15.65,87.98,420.0,0.0,0.0,1
2026-05-20T03:34:33.753522+00:00,15.8,88.0,"Posadas, Misiones, Argentina",343.7,15.0,30.0,1,13.8,52.76,2.5,1,60.0,15.0,1,42.58,88.12,420.0,0.0,0.0,1,15.68,88.0,420.0,0.0,0.0,1,15.82,87.97,420.0,0.0,0.0,1,15.88,87.98,420.0,0.0,0.0,1
2026-05-20T03:34:43.754399+00:00,15.8,88.0,"Posadas, Misiones, Argentina",344.02,15.0,30.0,1,13.8,52.76,2.5,1,60.0,0.3,1,42.57,88.17,420.0,0.0,0.0,1,15.87,88.01,420.0,0.0,0.0,1,15.72,88.01,420.0,0.0,0.0,1,15.65,87.95,420.0,0.0,0.0,1
2026-05-20T03:34:53.755670+00:00,15.8,88.0,"Posadas, Misiones, Argentina",344.2,15.0,30.0,1,13.8,52.8,2.5,1,60.0,0.3,1,42.65,88.18,420.0,0.0,0.0,1,15.86,88.0,420.0,0.0,0.0,1,15.79,87.97,420.0,0.0,0.0,1,15.69,87.99,420.0,0.0,0.0,1
2026-05-20T03:35:03.757888+00:00,15.8,88.0,"Posadas, Misiones, Argentina",343.93,15.0,30.0,1,13.8,52.74,2.5,1,60.0,15.0,1,42.53,88.19,420.0,0.0,0.0,1,15.58,87.98,420.0,0.0,0.0,1,15.86,88.03,420.0,0.0,0.0,1,15.71,87.97,420.0,0.0,0.0,1
2026-05-20T03:35:13.759201+00:00,15.8,88.0,"Posadas, Misiones, Argentina",343.89,15.0,30.0,1,13.8,52.75,2.5,1,60.0,0.3,1,42.67,88.2,420.0,0.0,0.0,1,15.84,88.01,420.0,0.0,0.0,1,15.69,87.97,420.0,0.0,0.0,1,15.82,88.0,420.0,0.0,0.0,1
2026-05-20T03:35:23.760491+00:00,15.8,88.0,"Posadas, Misiones, Argentina",343.95,15.0,30.0,1,13.8,52.78,2.5,1,60.0,15.0,1,42.59,88.16,420.0,0.0,0.0,1,15.76,88.04,420.0,0.0,0.0,1,15.74,87.97,420.0,0.0,0.0,1,15.73,88.01,420.0,0.0,0.0,1
2026-05-20T03:35:33.761129+00:00,15.8,88.0,"Posadas, Misiones, Argentina",343.79,15.0,30.0,1,13.8,52.73,2.5,1,60.0,0.3,1,42.63,88.16,420.0,0.0,0.0,1,15.77,88.02,420.0,0.0,0.0,1,15.87,87.97,420.0,0.0,0.0,1,15.77,88.04,420.0,0.0,0.0,1
2026-05-20T03:35:43.763058+00:00,15.8,88.0,"Posadas, Misiones, Argentina",343.37,15.0,30.0,1,13.8,52.73,2.5,1,60.0,0.3,1,42.57,88.2,420.0,0.0,0.0,1,15.72,88.01,420.0,0.0,0.0,1,15.61,87.95,420.0,0.0,0.0,1,15.63,87.99,420.0,0.0,0.0,1
2026-05-20T03:35:53.764060+00:00,15.8,88.0,"Posadas, Misiones, Argentina",343.9,15.0,30.0,1,13.8,52.75,2.5,1,60.0,15.0,1,42.68,88.16,420.0,0.0,0.0,1,15.66,88.04,420.0,0.0,0.0,1,15.86,88.02,420.0,0.0,0.0,1,15.7,88.01,420.0,0.0,0.0,1
2026-05-20T03:36:03.766324+00:00,15.8,88.0,"Posadas, Misiones, Argentina",344.4,15.0,30.0,1,13.8,52.78,2.5,1,60.0,0.3,1,42.59,88.19,420.0,0.0,0.0,1,15.74,88.01,420.0,0.0,0.0,1,15.75,88.01,420.0,0.0,0.0,1,15.69,87.94,420.0,0.0,0.0,1
2026-05-20T03:36:13.766886+00:00,15.8,88.0,"Posadas, Misiones, Argentina",343.51,15.0,30.0,1,13.8,52.74,2.5,1,60.0,0.3,1,42.59,88.2,420.0,0.0,0.0,1,15.76,87.97,420.0,0.0,0.0,1,15.74,87.98,420.0,0.0,0.0,1,15.82,88.0,420.0,0.0,0.0,1
2026-05-20T03:36:23.767674+00:00,15.8,88.0,"Posadas, Misiones, Argentina",344.15,15.0,30.0,1,13.8,52.78,2.5,1,60.0,15.0,1,42.63,88.18,420.0,0.0,0.0,1,15.86,88.01,420.0,0.0,0.0,1,15.84,87.98,420.0,0.0,0.0,1,15.75,88.0,420.0,0.0,0.0,1
2026-05-20T03:36:33.768243+00:00,15.8,88.0,"Posadas, Misiones, Argentina",344.27,15.0,30.0,1,13.8,52.76,2.5,1,60.0,0.3,1,42.59,88.14,420.0,0.0,0.0,1,15.81,87.94,420.0,0.0,0.0,1,15.75,88.03,420.0,0.0,0.0,1,15.78,88.07,420.0,0.0,0.0,1
2026-05-20T03:36:43.769488+00:00,15.8,88.0,"Posadas, Misiones, Argentina",343.82,15.0,30.0,1,13.8,52.78,2.5,1,60.0,15.0,1,42.53,88.15,420.0,0.0,0.0,1,15.69,88.02,420.0,0.0,0.0,1,15.83,87.95,420.0,0.0,0.0,1,15.79,88.03,420.0,0.0,0.0,1
2026-05-20T03:36:53.770424+00:00,15.8,88.0,"Posadas, Misiones, Argentina",343.35,15.0,30.0,1,13.8,52.76,2.5,1,60.0,15.0,1,42.55,88.16,420.0,0.0,0.0,1,15.8,87.95,420.0,0.0,0.0,1,15.69,88.02,420.0,0.0,0.0,1,15.81,87.98,420.0,0.0,0.0,1
2026-05-20T03:37:03.771700+00:00,15.8,88.0,"Posadas, Misiones, Argentina",344.56,15.0,30.0,1,13.8,52.76,2.5,1,60.0,0.3,1,42.61,88.16,420.0,0.0,0.0,1,15.87,87.96,420.0,0.0,0.0,1,15.67,88.0,420.0,0.0,0.0,1,15.88,88.01,420.0,0.0,0.0,1
2026-05-20T03:37:13.772249+00:00,15.8,88.0,"Posadas, Misiones, Argentina",343.13,15.0,30.0,1,13.8,52.76,2.5,1,60.0,0.3,1,42.58,88.18,420.0,0.0,0.0,1,15.8,87.98,420.0,0.0,0.0,1,15.83,87.94,420.0,0.0,0.0,1,15.72,88.05,420.0,0.0,0.0,1
2026-05-20T03:37:23.773715+00:00,15.8,88.0,"Posadas, Misiones, Argentina",344.38,15.0,30.0,1,13.8,52.75,2.5,1,60.0,15.0,1,42.6,88.22,420.0,0.0,0.0,1,15.72,88.03,420.0,0.0,0.0,1,15.7,88.01,420.0,0.0,0.0,1,15.79,88.06,420.0,0.0,0.0,1
2026-05-20T03:37:33.774819+00:00,15.8,88.0,"Posadas, Misiones, Argentina",344.25,15.0,30.0,1,13.8,52.77,2.5,1,60.0,15.0,1,42.63,88.13,420.0,0.0,0.0,1,15.71,88.02,420.0,0.0,0.0,1,15.73,88.0,420.0,0.0,0.0,1,15.81,88.05,420.0,0.0,0.0,1
2026-05-20T03:37:43.775983+00:00,15.8,88.0,"Posadas, Misiones, Argentina",344.08,15.0,30.0,1,13.8,52.75,2.5,1,60.0,0.3,1,42.53,88.19,420.0,0.0,0.0,1,15.78,87.98,420.0,0.0,0.0,1,15.75,87.98,420.0,0.0,0.0,1,15.78,88.0,420.0,0.0,0.0,1
2026-05-20T03:37:53.776895+00:00,15.8,88.0,"Posadas, Misiones, Argentina",344.27,15.0,30.0,1,13.8,52.74,2.5,1,60.0,0.3,1,42.58,88.15,420.0,0.0,0.0,1,15.68,87.97,420.0,0.0,0.0,1,15.65,87.94,420.0,0.0,0.0,1,15.82,88.0,420.0,0.0,0.0,1
2026-05-20T03:38:03.778193+00:00,15.8,88.0,"Posadas, Misiones, Argentina",344.35,15.0,30.0,1,13.8,52.75,2.5,1,60.0,0.3,1,42.59,88.18,420.0,0.0,0.0,1,15.81,87.99,420.0,0.0,0.0,1,15.79,87.99,420.0,0.0,0.0,1,15.72,88.0,420.0,0.0,0.0,1
2026-05-20T03:38:13.779345+00:00,15.8,88.0,"Posadas, Misiones, Argentina",342.99,15.0,30.0,1,13.8,52.74,2.5,1,60.0,15.0,1,42.56,88.16,420.0,0.0,0.0,1,15.77,88.05,420.0,0.0,0.0,1,15.76,88.01,420.0,0.0,0.0,1,15.79,88.02,420.0,0.0,0.0,1
2026-05-20T03:38:23.780170+00:00,15.8,88.0,"Posadas, Misiones, Argentina",343.89,15.0,30.0,1,13.8,52.75,2.5,1,60.0,15.0,1,42.61,88.17,420.0,0.0,0.0,1,15.82,88.0,420.0,0.0,0.0,1,15.8,88.01,420.0,0.0,0.0,1,15.76,88.03,420.0,0.0,0.0,1
2026-05-20T03:38:33.781696+00:00,15.8,88.0,"Posadas, Misiones, Argentina",343.76,15.0,30.0,1,13.8,52.76,2.5,1,60.0,15.0,1,42.57,88.12,420.0,0.0,0.0,1,15.67,87.98,420.0,0.0,0.0,1,15.66,88.01,420.0,0.0,0.0,1,15.85,87.99,420.0,0.0,0.0,1
2026-05-20T03:38:43.782696+00:00,15.8,88.0,"Posadas, Misiones, Argentina",343.83,15.0,30.0,1,13.8,52.76,2.5,1,60.0,15.0,1,42.6,88.15,420.0,0.0,0.0,1,15.8,88.02,420.0,0.0,0.0,1,15.78,88.04,420.0,0.0,0.0,1,15.72,88.02,420.0,0.0,0.0,1
2026-05-20T03:38:53.783998+00:00,15.8,88.0,"Posadas, Misiones, Argentina",343.47,15.0,30.0,1,13.8,52.77,2.5,1,60.0,0.3,1,42.56,88.17,420.0,0.0,0.0,1,15.67,87.96,420.0,0.0,0.0,1,15.7,88.01,420.0,0.0,0.0,1,15.86,87.97,420.0,0.0,0.0,1
2026-05-20T03:39:03.785350+00:00,15.8,88.0,"Posadas, Misiones, Argentina",343.71,15.0,30.0,1,13.8,52.74,2.5,1,60.0,15.0,1,42.54,88.17,420.0,0.0,0.0,1,15.74,88.05,420.0,0.0,0.0,1,15.74,88.01,420.0,0.0,0.0,1,15.67,88.0,420.0,0.0,0.0,1
2026-05-20T03:39:13.785906+00:00,15.8,88.0,"Posadas, Misiones, Argentina",344.03,15.0,30.0,1,13.8,52.75,2.5,1,60.0,15.0,1,42.58,88.17,420.0,0.0,0.0,1,15.69,87.97,420.0,0.0,0.0,1,15.65,88.06,420.0,0.0,0.0,1,15.76,88.02,420.0,0.0,0.0,1
2026-05-20T03:39:23.786818+00:00,15.8,88.0,"Posadas, Misiones, Argentina",343.48,15.0,30.0,1,13.8,52.75,2.5,1,60.0,0.3,1,42.6,88.18,420.0,0.0,0.0,1,15.71,87.98,420.0,0.0,0.0,1,15.64,88.03,420.0,0.0,0.0,1,15.74,87.99,420.0,0.0,0.0,1
2026-05-20T03:39:33.787779+00:00,15.8,88.0,"Posadas, Misiones, Argentina",343.9,15.0,30.0,1,13.8,52.75,2.5,1,60.0,15.0,1,42.59,88.17,420.0,0.0,0.0,1,15.79,88.0,420.0,0.0,0.0,1,15.83,88.03,420.0,0.0,0.0,1,15.82,87.98,420.0,0.0,0.0,1
2026-05-20T03:39:43.788372+00:00,15.8,88.0,"Posadas, Misiones, Argentina",344.66,15.0,30.0,1,13.8,52.78,2.5,1,60.0,15.0,1,42.62,88.13,420.0,0.0,0.0,1,15.79,88.01,420.0,0.0,0.0,1,15.71,88.0,420.0,0.0,0.0,1,15.68,87.97,420.0,0.0,0.0,1
2026-05-20T03:39:53.789165+00:00,15.8,88.0,"Posadas, Misiones, Argentina",344.04,15.0,30.0,1,13.8,52.76,2.5,1,60.0,0.3,1,42.63,88.17,420.0,0.0,0.0,1,15.66,87.98,420.0,0.0,0.0,1,15.67,87.95,420.0,0.0,0.0,1,15.68,88.02,420.0,0.0,0.0,1
2026-05-20T03:40:03.790539+00:00,15.8,88.0,"Posadas, Misiones, Argentina",344.23,15.0,30.0,1,13.8,52.72,2.5,1,60.0,15.0,1,42.54,88.17,420.0,0.0,0.0,1,15.64,88.01,420.0,0.0,0.0,1,15.7,88.03,420.0,0.0,0.0,1,15.84,88.01,420.0,0.0,0.0,1
2026-05-20T03:40:13.791587+00:00,15.8,88.0,"Posadas, Misiones, Argentina",344.51,15.0,30.0,1,13.8,52.74,2.5,1,60.0,15.0,1,42.62,88.16,420.0,0.0,0.0,1,15.83,88.01,420.0,0.0,0.0,1,15.83,88.0,420.0,0.0,0.0,1,15.79,88.01,420.0,0.0,0.0,1
2026-05-20T03:40:23.792769+00:00,15.8,88.0,"Posadas, Misiones, Argentina",343.8,15.0,30.0,1,13.8,52.79,2.5,1,60.0,0.3,1,42.56,88.18,420.0,0.0,0.0,1,15.65,88.04,420.0,0.0,0.0,1,15.81,87.98,420.0,0.0,0.0,1,15.77,87.98,420.0,0.0,0.0,1
2026-05-20T03:40:33.794036+00:00,15.8,88.0,"Posadas, Misiones, Argentina",344.0,15.0,30.0,1,13.8,52.76,2.5,1,60.0,15.0,1,42.6,88.14,420.0,0.0,0.0,1,15.81,88.01,420.0,0.0,0.0,1,15.71,88.01,420.0,0.0,0.0,1,15.77,87.98,420.0,0.0,0.0,1
2026-05-20T03:40:43.794744+00:00,15.8,88.0,"Posadas, Misiones, Argentina",343.21,15.0,30.0,1,13.8,52.79,2.5,1,60.0,15.0,1,42.55,88.22,420.0,0.0,0.0,1,15.65,87.95,420.0,0.0,0.0,1,15.74,87.96,420.0,0.0,0.0,1,15.76,88.03,420.0,0.0,0.0,1
2026-05-20T03:40:53.796170+00:00,15.8,88.0,"Posadas, Misiones, Argentina",343.23,15.0,30.0,1,13.8,52.74,2.5,1,60.0,0.3,1,42.61,88.18,420.0,0.0,0.0,1,15.81,87.98,420.0,0.0,0.0,1,15.78,87.99,420.0,0.0,0.0,1,15.75,88.0,420.0,0.0,0.0,1
2026-05-20T03:41:03.797183+00:00,15.8,88.0,"Posadas, Misiones, Argentina",343.5,15.0,30.0,1,13.8,52.77,2.5,1,60.0,15.0,1,42.64,88.17,420.0,0.0,0.0,1,15.79,87.95,420.0,0.0,0.0,1,15.68,88.0,420.0,0.0,0.0,1,15.66,87.96,420.0,0.0,0.0,1
2026-05-20T03:41:13.799198+00:00,15.8,88.0,"Posadas, Misiones, Argentina",344.37,15.0,30.0,1,13.8,52.77,2.5,1,60.0,15.0,1,42.59,88.17,420.0,0.0,0.0,1,15.59,87.99,420.0,0.0,0.0,1,15.81,88.01,420.0,0.0,0.0,1,15.89,88.02,420.0,0.0,0.0,1
2026-05-20T03:41:23.799917+00:00,15.8,88.0,"Posadas, Misiones, Argentina",344.7,15.0,30.0,1,13.8,52.76,2.5,1,60.0,0.3,1,42.59,88.18,420.0,0.0,0.0,1,15.76,87.99,420.0,0.0,0.0,1,15.75,87.98,420.0,0.0,0.0,1,15.87,87.95,420.0,0.0,0.0,1
2026-05-20T03:41:33.801332+00:00,15.8,88.0,"Posadas, Misiones, Argentina",343.39,15.0,30.0,1,13.8,52.73,2.5,1,60.0,0.3,1,42.54,88.2,420.0,0.0,0.0,1,15.81,87.98,420.0,0.0,0.0,1,15.84,88.01,420.0,0.0,0.0,1,15.74,88.02,420.0,0.0,0.0,1
2026-05-20T03:41:43.802364+00:00,15.8,88.0,"Posadas, Misiones, Argentina",344.37,15.0,30.0,1,13.8,52.76,2.5,1,60.0,15.0,1,42.59,88.18,420.0,0.0,0.0,1,15.8,88.01,420.0,0.0,0.0,1,15.76,87.98,420.0,0.0,0.0,1,15.81,88.01,420.0,0.0,0.0,1
2026-05-20T03:41:53.802987+00:00,15.8,88.0,"Posadas, Misiones, Argentina",343.22,15.0,30.0,1,13.8,52.78,2.5,1,60.0,0.3,1,42.59,88.16,420.0,0.0,0.0,1,15.69,88.0,420.0,0.0,0.0,1,15.87,88.02,420.0,0.0,0.0,1,15.75,88.01,420.0,0.0,0.0,1
2026-05-20T03:42:03.804120+00:00,15.8,88.0,"Posadas, Misiones, Argentina",342.73,15.0,30.0,1,13.8,52.78,2.5,1,60.0,0.3,1,42.57,88.12,420.0,0.0,0.0,1,15.74,88.03,420.0,0.0,0.0,1,15.78,88.0,420.0,0.0,0.0,1,15.79,88.0,420.0,0.0,0.0,1
2026-05-20T03:42:13.804910+00:00,15.8,88.0,"Posadas, Misiones, Argentina",343.93,15.0,30.0,1,13.8,52.76,2.5,1,60.0,15.0,1,42.53,88.19,420.0,0.0,0.0,1,15.78,88.01,420.0,0.0,0.0,1,15.85,88.02,420.0,0.0,0.0,1,15.82,87.94,420.0,0.0,0.0,1
2026-05-20T03:42:23.805653+00:00,15.8,88.0,"Posadas, Misiones, Argentina",344.1,15.0,30.0,1,13.8,52.77,2.5,1,60.0,0.3,1,42.5,88.14,420.0,0.0,0.0,1,15.68,87.99,420.0,0.0,0.0,1,15.86,88.0,420.0,0.0,0.0,1,15.87,88.02,420.0,0.0,0.0,1
2026-05-20T03:42:33.806623+00:00,15.8,88.0,"Posadas, Misiones, Argentina",344.41,15.0,30.0,1,13.8,52.77,2.5,1,60.0,0.3,1,42.62,88.2,420.0,0.0,0.0,1,15.8,88.05,420.0,0.0,0.0,1,15.71,87.99,420.0,0.0,0.0,1,15.84,88.01,420.0,0.0,0.0,1
2026-05-20T03:42:43.807722+00:00,15.8,88.0,"Posadas, Misiones, Argentina",343.4,15.0,30.0,1,13.8,52.77,2.5,1,60.0,0.3,1,42.62,88.16,420.0,0.0,0.0,1,15.74,87.98,420.0,0.0,0.0,1,15.69,87.98,420.0,0.0,0.0,1,15.64,87.99,420.0,0.0,0.0,1
2026-05-20T03:42:53.808399+00:00,15.8,88.0,"Posadas, Misiones, Argentina",344.21,15.0,30.0,1,13.8,52.79,2.5,1,60.0,15.0,1,42.67,88.12,420.0,0.0,0.0,1,15.72,87.99,420.0,0.0,0.0,1,15.71,87.99,420.0,0.0,0.0,1,15.82,88.01,420.0,0.0,0.0,1
2026-05-20T03:43:03.809657+00:00,15.8,88.0,"Posadas, Misiones, Argentina",344.3,15.0,30.0,1,13.8,52.74,2.5,1,60.0,15.0,1,42.57,88.17,420.0,0.0,0.0,1,15.66,88.0,420.0,0.0,0.0,1,15.76,87.97,420.0,0.0,0.0,1,15.67,88.02,420.0,0.0,0.0,1
2026-05-20T03:43:13.811453+00:00,15.8,88.0,"Posadas, Misiones, Argentina",343.96,15.0,30.0,1,13.8,52.76,2.5,1,60.0,15.0,1,42.65,88.16,420.0,0.0,0.0,1,15.71,87.99,420.0,0.0,0.0,1,15.6,88.0,420.0,0.0,0.0,1,15.68,88.02,420.0,0.0,0.0,1
2026-05-20T03:43:23.813064+00:00,15.8,88.0,"Posadas, Misiones, Argentina",343.61,15.0,30.0,1,13.8,52.77,2.5,1,60.0,0.3,1,42.64,88.16,420.0,0.0,0.0,1,15.84,87.98,420.0,0.0,0.0,1,15.7,88.03,420.0,0.0,0.0,1,15.57,87.99,420.0,0.0,0.0,1
2026-05-20T03:43:33.813823+00:00,15.8,88.0,"Posadas, Misiones, Argentina",342.72,15.0,30.0,1,13.8,52.75,2.5,1,60.0,0.3,1,42.66,88.13,420.0,0.0,0.0,1,15.71,88.04,420.0,0.0,0.0,1,15.6,87.98,420.0,0.0,0.0,1,15.78,87.96,420.0,0.0,0.0,1
2026-05-20T03:43:43.814595+00:00,15.8,88.0,"Posadas, Misiones, Argentina",342.41,15.0,30.0,1,13.8,52.77,2.5,1,60.0,15.0,1,42.57,88.19,420.0,0.0,0.0,1,15.61,88.0,420.0,0.0,0.0,1,15.73,87.96,420.0,0.0,0.0,1,15.77,88.06,420.0,0.0,0.0,1
2026-05-20T03:43:53.815891+00:00,15.8,88.0,"Posadas, Misiones, Argentina",344.05,15.0,30.0,1,13.8,52.76,2.5,1,60.0,0.3,1,42.64,88.2,420.0,0.0,0.0,1,15.77,88.02,420.0,0.0,0.0,1,15.64,88.0,420.0,0.0,0.0,1,15.63,88.04,420.0,0.0,0.0,1
2026-05-20T03:44:03.816448+00:00,15.8,88.0,"Posadas, Misiones, Argentina",346.52,15.0,30.0,1,13.8,52.8,2.5,1,60.0,0.3,1,42.64,88.17,420.0,0.0,0.0,1,15.83,87.94,420.0,0.0,0.0,1,15.85,87.95,420.0,0.0,0.0,1,15.76,88.01,420.0,0.0,0.0,1
2026-05-20T03:44:13.817322+00:00,15.8,88.0,"Posadas, Misiones, Argentina",343.6,15.0,30.0,1,13.8,52.76,2.5,1,60.0,0.3,1,42.64,88.24,420.0,0.0,0.0,1,15.79,88.0,420.0,0.0,0.0,1,15.71,88.0,420.0,0.0,0.0,1,15.58,88.03,420.0,0.0,0.0,1
2026-05-20T03:44:23.819070+00:00,15.8,88.0,"Posadas, Misiones, Argentina",343.5,15.0,30.0,1,13.8,52.77,2.5,1,60.0,0.3,1,42.61,88.18,420.0,0.0,0.0,1,15.83,88.04,420.0,0.0,0.0,1,15.71,88.02,420.0,0.0,0.0,1,15.81,87.97,420.0,0.0,0.0,1
2026-05-20T03:44:33.820024+00:00,15.8,88.0,"Posadas, Misiones, Argentina",342.97,15.0,30.0,1,13.8,52.74,2.5,1,60.0,15.0,1,42.51,88.18,420.0,0.0,0.0,1,15.79,88.0,420.0,0.0,0.0,1,15.76,88.03,420.0,0.0,0.0,1,15.85,87.98,420.0,0.0,0.0,1
2026-05-20T03:44:43.821654+00:00,15.8,88.0,"Posadas, Misiones, Argentina",344.19,15.0,30.0,1,13.8,52.76,2.5,1,60.0,0.3,1,42.59,88.19,420.0,0.0,0.0,1,15.81,87.98,420.0,0.0,0.0,1,15.84,87.95,420.0,0.0,0.0,1,15.78,88.02,420.0,0.0,0.0,1
2026-05-20T03:44:53.822490+00:00,15.8,88.0,"Posadas, Misiones, Argentina",344.13,15.0,30.0,1,13.8,52.77,2.5,1,60.0,15.0,1,42.6,88.19,420.0,0.0,0.0,1,15.77,88.03,420.0,0.0,0.0,1,15.77,87.97,420.0,0.0,0.0,1,15.82,87.97,420.0,0.0,0.0,1
2026-05-20T03:45:03.824944+00:00,15.8,88.0,"Posadas, Misiones, Argentina",343.81,15.0,30.0,1,13.8,52.74,2.5,1,60.0,15.0,1,42.6,88.18,420.0,0.0,0.0,1,15.68,87.99,420.0,0.0,0.0,1,15.63,88.01,420.0,0.0,0.0,1,15.9,88.04,420.0,0.0,0.0,1
2026-05-20T03:45:13.826263+00:00,15.8,88.0,"Posadas, Misiones, Argentina",343.93,15.0,30.0,1,13.8,52.77,2.5,1,60.0,15.0,1,42.57,88.19,420.0,0.0,0.0,1,15.75,87.97,420.0,0.0,0.0,1,15.67,88.0,420.0,0.0,0.0,1,15.82,88.05,420.0,0.0,0.0,1
2026-05-20T03:45:23.827731+00:00,15.8,88.0,"Posadas, Misiones, Argentina",343.31,15.0,30.0,1,13.8,52.76,2.5,1,60.0,0.3,1,42.57,88.16,420.0,0.0,0.0,1,15.88,88.0,420.0,0.0,0.0,1,15.81,88.0,420.0,0.0,0.0,1,15.67,88.0,420.0,0.0,0.0,1
2026-05-20T03:45:33.828644+00:00,15.8,88.0,"Posadas, Misiones, Argentina",343.95,15.0,30.0,1,13.8,52.77,2.5,1,60.0,0.3,1,42.52,88.16,420.0,0.0,0.0,1,15.84,88.01,420.0,0.0,0.0,1,15.79,88.02,420.0,0.0,0.0,1,15.71,88.04,420.0,0.0,0.0,1
2026-05-20T03:45:43.829389+00:00,15.8,88.0,"Posadas, Misiones, Argentina",343.65,15.0,30.0,1,13.8,52.78,2.5,1,60.0,15.0,1,42.6,88.2,420.0,0.0,0.0,1,15.82,87.96,420.0,0.0,0.0,1,15.83,87.97,420.0,0.0,0.0,1,15.84,88.02,420.0,0.0,0.0,1
2026-05-20T03:45:53.831628+00:00,15.8,88.0,"Posadas, Misiones, Argentina",343.68,15.0,30.0,1,13.8,52.79,2.5,1,60.0,0.3,1,42.54,88.2,420.0,0.0,0.0,1,15.69,88.05,420.0,0.0,0.0,1,15.81,88.02,420.0,0.0,0.0,1,15.73,88.01,420.0,0.0,0.0,1
2026-05-20T03:46:03.832989+00:00,15.8,88.0,"Posadas, Misiones, Argentina",343.94,15.0,30.0,1,13.8,52.75,2.5,1,60.0,15.0,1,42.62,88.2,420.0,0.0,0.0,1,15.7,87.98,420.0,0.0,0.0,1,15.84,88.02,420.0,0.0,0.0,1,15.81,87.98,420.0,0.0,0.0,1
2026-05-20T03:46:13.834784+00:00,15.8,88.0,"Posadas, Misiones, Argentina",343.66,15.0,30.0,1,13.8,52.75,2.5,1,60.0,0.3,1,42.57,88.18,420.0,0.0,0.0,1,15.59,87.97,420.0,0.0,0.0,1,15.83,87.98,420.0,0.0,0.0,1,15.72,88.03,420.0,0.0,0.0,1
2026-05-20T03:46:23.836423+00:00,15.8,88.0,"Posadas, Misiones, Argentina",338.59,15.0,30.0,1,13.8,40.12,2.5,1,60.0,15.0,1,42.67,87.48,420.0,0.0,0.0,1,15.74,88.02,420.0,0.0,0.0,1,15.71,87.98,420.0,0.0,0.0,1,15.78,88.01,420.0,0.0,0.0,1
2026-05-20T03:46:33.837072+00:00,15.8,88.0,"Posadas, Misiones, Argentina",344.19,15.0,30.0,1,13.8,52.77,2.5,1,60.0,15.0,1,42.62,88.19,420.0,0.0,0.0,1,15.78,88.02,420.0,0.0,0.0,1,15.77,87.99,420.0,0.0,0.0,1,15.84,87.98,420.0,0.0,0.0,1
2026-05-20T03:46:43.838329+00:00,15.8,88.0,"Posadas, Misiones, Argentina",344.36,15.0,30.0,1,13.8,52.77,2.5,1,60.0,15.0,1,42.62,88.16,420.0,0.0,0.0,1,15.84,88.05,420.0,0.0,0.0,1,15.63,88.01,420.0,0.0,0.0,1,15.73,88.04,420.0,0.0,0.0,1
2026-05-20T03:46:53.839340+00:00,15.8,88.0,"Posadas, Misiones, Argentina",343.43,15.0,30.0,1,13.8,52.74,2.5,1,60.0,0.3,1,42.57,88.17,420.0,0.0,0.0,1,15.82,87.98,420.0,0.0,0.0,1,15.73,88.01,420.0,0.0,0.0,1,15.57,87.96,420.0,0.0,0.0,1
2026-05-20T03:47:03.840557+00:00,15.8,88.0,"Posadas, Misiones, Argentina",343.61,15.0,30.0,1,13.8,52.74,2.5,1,60.0,0.3,1,42.55,88.12,420.0,0.0,0.0,1,15.61,87.98,420.0,0.0,0.0,1,15.71,88.0,420.0,0.0,0.0,1,15.69,88.01,420.0,0.0,0.0,1
2026-05-20T03:47:13.841888+00:00,15.8,88.0,"Posadas, Misiones, Argentina",343.56,15.0,30.0,1,13.8,52.77,2.5,1,60.0,15.0,1,42.59,88.17,420.0,0.0,0.0,1,15.83,88.0,420.0,0.0,0.0,1,15.69,87.99,420.0,0.0,0.0,1,15.83,88.02,420.0,0.0,0.0,1
2026-05-20T03:47:23.843721+00:00,15.8,88.0,"Posadas, Misiones, Argentina",343.84,15.0,30.0,1,13.8,52.78,2.5,1,60.0,0.3,1,42.61,88.15,420.0,0.0,0.0,1,15.78,87.98,420.0,0.0,0.0,1,15.86,88.01,420.0,0.0,0.0,1,15.69,88.02,420.0,0.0,0.0,1
2026-05-20T03:47:33.845880+00:00,15.8,88.0,"Posadas, Misiones, Argentina",343.06,15.0,30.0,1,13.8,52.78,2.5,1,60.0,15.0,1,42.61,88.18,420.0,0.0,0.0,1,15.73,87.99,420.0,0.0,0.0,1,15.79,88.02,420.0,0.0,0.0,1,15.75,87.96,420.0,0.0,0.0,1
2026-05-20T03:47:43.846874+00:00,15.8,88.0,"Posadas, Misiones, Argentina",343.92,15.0,30.0,1,13.8,52.77,2.5,1,60.0,15.0,1,42.6,88.11,420.0,0.0,0.0,1,15.81,88.01,420.0,0.0,0.0,1,15.7,87.95,420.0,0.0,0.0,1,15.68,87.95,420.0,0.0,0.0,1
2026-05-20T03:47:53.848065+00:00,15.8,88.0,"Posadas, Misiones, Argentina",343.2,15.0,30.0,1,13.8,52.79,2.5,1,60.0,0.3,1,42.62,88.15,420.0,0.0,0.0,1,15.86,88.06,420.0,0.0,0.0,1,15.8,88.0,420.0,0.0,0.0,1,15.63,87.95,420.0,0.0,0.0,1
2026-05-20T03:48:03.850070+00:00,15.8,88.0,"Posadas, Misiones, Argentina",344.67,15.0,30.0,1,13.8,52.8,2.5,1,60.0,0.3,1,42.61,88.17,420.0,0.0,0.0,1,15.68,88.01,420.0,0.0,0.0,1,15.59,88.01,420.0,0.0,0.0,1,15.68,88.03,420.0,0.0,0.0,1
2026-05-20T03:48:13.851192+00:00,15.8,88.0,"Posadas, Misiones, Argentina",343.99,15.0,30.0,1,13.8,52.74,2.5,1,60.0,15.0,1,42.57,88.16,420.0,0.0,0.0,1,15.69,87.99,420.0,0.0,0.0,1,15.94,88.03,420.0,0.0,0.0,1,15.78,88.0,420.0,0.0,0.0,1
2026-05-20T03:48:23.851898+00:00,15.8,88.0,"Posadas, Misiones, Argentina",343.86,15.0,30.0,1,13.8,52.74,2.5,1,60.0,15.0,1,42.65,88.14,420.0,0.0,0.0,1,15.79,88.04,420.0,0.0,0.0,1,15.79,88.03,420.0,0.0,0.0,1,15.71,87.97,420.0,0.0,0.0,1
2026-05-20T03:48:33.854452+00:00,15.8,88.0,"Posadas, Misiones, Argentina",344.18,15.0,30.0,1,13.8,52.78,2.5,1,60.0,0.3,1,42.57,88.24,420.0,0.0,0.0,1,15.79,87.98,420.0,0.0,0.0,1,15.77,88.0,420.0,0.0,0.0,1,15.82,88.0,420.0,0.0,0.0,1
2026-05-20T03:48:43.855581+00:00,15.8,88.0,"Posadas, Misiones, Argentina",344.08,15.0,30.0,1,13.8,52.8,2.5,1,60.0,15.0,1,42.58,88.19,420.0,0.0,0.0,1,15.66,87.98,420.0,0.0,0.0,1,15.77,88.02,420.0,0.0,0.0,1,15.73,87.95,420.0,0.0,0.0,1
2026-05-20T03:48:53.856094+00:00,15.8,88.0,"Posadas, Misiones, Argentina",343.63,15.0,30.0,1,13.8,52.72,2.5,1,60.0,0.3,1,42.64,88.21,420.0,0.0,0.0,1,15.61,88.01,420.0,0.0,0.0,1,15.77,88.0,420.0,0.0,0.0,1,15.68,87.97,420.0,0.0,0.0,1
2026-05-20T03:49:03.857193+00:00,15.8,88.0,"Posadas, Misiones, Argentina",343.95,15.0,30.0,1,13.8,52.76,2.5,1,60.0,15.0,1,42.63,88.16,420.0,0.0,0.0,1,15.63,87.99,420.0,0.0,0.0,1,15.68,87.96,420.0,0.0,0.0,1,15.72,88.02,420.0,0.0,0.0,1
2026-05-20T03:49:13.858418+00:00,15.8,88.0,"Posadas, Misiones, Argentina",343.69,15.0,30.0,1,13.8,52.78,2.5,1,60.0,15.0,1,42.61,88.15,420.0,0.0,0.0,1,15.75,87.98,420.0,0.0,0.0,1,15.72,88.01,420.0,0.0,0.0,1,15.78,88.02,420.0,0.0,0.0,1
2026-05-20T03:49:23.859302+00:00,15.8,88.0,"Posadas, Misiones, Argentina",343.93,15.0,30.0,1,13.8,52.79,2.5,1,60.0,0.3,1,42.57,88.15,420.0,0.0,0.0,1,15.64,88.02,420.0,0.0,0.0,1,15.84,87.99,420.0,0.0,0.0,1,15.63,87.98,420.0,0.0,0.0,1
2026-05-20T03:49:33.860196+00:00,15.8,88.0,"Posadas, Misiones, Argentina",343.96,15.0,30.0,1,13.8,52.76,2.5,1,60.0,0.3,1,42.56,88.15,420.0,0.0,0.0,1,15.69,87.96,420.0,0.0,0.0,1,15.76,88.05,420.0,0.0,0.0,1,15.83,88.01,420.0,0.0,0.0,1
2026-05-20T03:49:43.862895+00:00,15.8,88.0,"Posadas, Misiones, Argentina",344.45,15.0,30.0,1,13.8,52.77,2.5,1,60.0,15.0,1,42.57,88.14,420.0,0.0,0.0,1,15.88,88.02,420.0,0.0,0.0,1,15.77,88.0,420.0,0.0,0.0,1,15.55,87.97,420.0,0.0,0.0,1
2026-05-20T03:49:53.863566+00:00,15.8,88.0,"Posadas, Misiones, Argentina",343.33,15.0,30.0,1,13.8,52.75,2.5,1,60.0,0.3,1,42.58,88.13,420.0,0.0,0.0,1,15.71,87.97,420.0,0.0,0.0,1,15.86,87.97,420.0,0.0,0.0,1,15.75,87.98,420.0,0.0,0.0,1
2026-05-20T03:50:03.864881+00:00,15.8,88.0,"Posadas, Misiones, Argentina",344.17,15.0,30.0,1,13.8,52.79,2.5,1,60.0,15.0,1,42.58,88.18,420.0,0.0,0.0,1,15.76,87.99,420.0,0.0,0.0,1,15.62,87.96,420.0,0.0,0.0,1,15.84,87.98,420.0,0.0,0.0,1
2026-05-20T03:50:13.865805+00:00,15.8,88.0,"Posadas, Misiones, Argentina",344.15,15.0,30.0,1,13.8,52.74,2.5,1,60.0,15.0,1,42.6,88.13,420.0,0.0,0.0,1,15.7,87.98,420.0,0.0,0.0,1,15.64,87.97,420.0,0.0,0.0,1,15.77,87.95,420.0,0.0,0.0,1
2026-05-20T03:50:23.867007+00:00,15.8,88.0,"Posadas, Misiones, Argentina",344.26,15.0,30.0,1,13.8,52.76,2.5,1,60.0,0.3,1,42.58,88.17,420.0,0.0,0.0,1,15.79,88.0,420.0,0.0,0.0,1,15.8,88.0,420.0,0.0,0.0,1,15.85,87.96,420.0,0.0,0.0,1
2026-05-20T03:50:33.869247+00:00,15.8,88.0,"Posadas, Misiones, Argentina",343.57,15.0,30.0,1,13.8,52.74,2.5,1,60.0,0.3,1,42.57,88.17,420.0,0.0,0.0,1,15.79,87.99,420.0,0.0,0.0,1,15.78,87.98,420.0,0.0,0.0,1,15.74,88.03,420.0,0.0,0.0,1
2026-05-20T03:50:43.870293+00:00,15.8,88.0,"Posadas, Misiones, Argentina",343.46,15.0,30.0,1,13.8,52.74,2.5,1,60.0,15.0,1,42.62,88.15,420.0,0.0,0.0,1,15.7,88.04,420.0,0.0,0.0,1,15.84,88.01,420.0,0.0,0.0,1,15.84,88.02,420.0,0.0,0.0,1
2026-05-20T03:50:53.871286+00:00,15.8,88.0,"Posadas, Misiones, Argentina",344.55,15.0,30.0,1,13.8,52.77,2.5,1,60.0,0.3,1,42.58,88.18,420.0,0.0,0.0,1,15.64,87.97,420.0,0.0,0.0,1,15.68,87.98,420.0,0.0,0.0,1,15.79,88.0,420.0,0.0,0.0,1
2026-05-20T03:51:03.872134+00:00,15.8,88.0,"Posadas, Misiones, Argentina",343.42,15.0,30.0,1,13.8,52.76,2.5,1,60.0,0.3,1,42.58,88.14,420.0,0.0,0.0,1,15.72,88.01,420.0,0.0,0.0,1,15.77,87.96,420.0,0.0,0.0,1,15.62,88.01,420.0,0.0,0.0,1
2026-05-20T03:51:13.874451+00:00,15.8,88.0,"Posadas, Misiones, Argentina",344.77,15.0,30.0,1,13.8,52.73,2.5,1,60.0,15.0,1,42.62,88.16,420.0,0.0,0.0,1,15.72,88.05,420.0,0.0,0.0,1,15.65,87.98,420.0,0.0,0.0,1,15.71,88.01,420.0,0.0,0.0,1
2026-05-20T03:51:23.875010+00:00,15.8,88.0,"Posadas, Misiones, Argentina",343.61,15.0,30.0,1,13.8,52.76,2.5,1,60.0,0.3,1,42.6,88.2,420.0,0.0,0.0,1,15.83,88.01,420.0,0.0,0.0,1,15.65,87.99,420.0,0.0,0.0,1,15.81,88.0,420.0,0.0,0.0,1
2026-05-20T03:51:33.876336+00:00,15.8,88.0,"Posadas, Misiones, Argentina",343.65,15.0,30.0,1,13.8,52.77,2.5,1,60.0,0.3,1,42.68,88.14,420.0,0.0,0.0,1,15.84,87.93,420.0,0.0,0.0,1,15.81,88.0,420.0,0.0,0.0,1,15.81,88.04,420.0,0.0,0.0,1
2026-05-20T03:51:43.876849+00:00,15.8,88.0,"Posadas, Misiones, Argentina",343.94,15.0,30.0,1,13.8,52.76,2.5,1,60.0,15.0,1,42.59,88.18,420.0,0.0,0.0,1,15.91,88.02,420.0,0.0,0.0,1,15.57,88.0,420.0,0.0,0.0,1,15.65,87.99,420.0,0.0,0.0,1
2026-05-20T03:51:53.877819+00:00,15.8,88.0,"Posadas, Misiones, Argentina",344.02,15.0,30.0,1,13.8,52.74,2.5,1,60.0,15.0,1,42.59,88.22,420.0,0.0,0.0,1,15.6,87.99,420.0,0.0,0.0,1,15.91,88.0,420.0,0.0,0.0,1,15.85,88.01,420.0,0.0,0.0,1
2026-05-20T03:52:03.878825+00:00,15.8,88.0,"Posadas, Misiones, Argentina",344.5,15.0,30.0,1,13.8,52.74,2.5,1,60.0,0.3,1,42.62,88.22,420.0,0.0,0.0,1,15.61,88.02,420.0,0.0,0.0,1,15.87,88.03,420.0,0.0,0.0,1,15.67,87.98,420.0,0.0,0.0,1
2026-05-20T03:52:13.879437+00:00,15.8,88.0,"Posadas, Misiones, Argentina",344.07,15.0,30.0,1,13.8,52.74,2.5,1,60.0,15.0,1,42.6,88.12,420.0,0.0,0.0,1,15.83,88.0,420.0,0.0,0.0,1,15.76,87.99,420.0,0.0,0.0,1,15.74,88.01,420.0,0.0,0.0,1
2026-05-20T03:52:23.880445+00:00,15.8,88.0,"Posadas, Misiones, Argentina",343.49,15.0,30.0,1,13.8,52.78,2.5,1,60.0,0.3,1,42.53,88.22,420.0,0.0,0.0,1,15.79,87.99,420.0,0.0,0.0,1,15.86,87.98,420.0,0.0,0.0,1,15.71,88.01,420.0,0.0,0.0,1
2026-05-20T03:52:33.881344+00:00,15.8,88.0,"Posadas, Misiones, Argentina",344.28,15.0,30.0,1,13.8,52.75,2.5,1,60.0,0.3,1,42.64,88.15,420.0,0.0,0.0,1,15.83,88.04,420.0,0.0,0.0,1,15.85,87.95,420.0,0.0,0.0,1,15.9,88.03,420.0,0.0,0.0,1
2026-05-20T03:52:43.881987+00:00,15.8,88.0,"Posadas, Misiones, Argentina",344.09,15.0,30.0,1,13.8,52.78,2.5,1,60.0,15.0,1,42.7,88.14,420.0,0.0,0.0,1,15.93,87.95,420.0,0.0,0.0,1,15.74,87.96,420.0,0.0,0.0,1,15.84,88.01,420.0,0.0,0.0,1
2026-05-20T03:52:53.884423+00:00,15.8,88.0,"Posadas, Misiones, Argentina",344.31,15.0,30.0,1,13.8,52.77,2.5,1,60.0,15.0,1,42.56,88.14,420.0,0.0,0.0,1,15.76,88.0,420.0,0.0,0.0,1,15.79,87.96,420.0,0.0,0.0,1,15.68,88.02,420.0,0.0,0.0,1
2026-05-20T03:53:03.886496+00:00,15.8,88.0,"Posadas, Misiones, Argentina",343.73,15.0,30.0,1,13.8,52.77,2.5,1,60.0,0.3,1,42.64,88.18,420.0,0.0,0.0,1,15.79,88.04,420.0,0.0,0.0,1,15.73,87.99,420.0,0.0,0.0,1,15.73,87.97,420.0,0.0,0.0,1
2026-05-20T03:53:13.886854+00:00,15.8,88.0,"Posadas, Misiones, Argentina",342.8,15.0,30.0,1,13.8,52.76,2.5,1,60.0,15.0,1,42.58,88.12,420.0,0.0,0.0,1,15.7,87.98,420.0,0.0,0.0,1,15.77,87.96,420.0,0.0,0.0,1,15.73,88.02,420.0,0.0,0.0,1
2026-05-20T03:53:23.887680+00:00,15.8,88.0,"Posadas, Misiones, Argentina",344.32,15.0,30.0,1,13.8,52.76,2.5,1,60.0,15.0,1,42.59,88.2,420.0,0.0,0.0,1,15.83,88.01,420.0,0.0,0.0,1,15.72,88.03,420.0,0.0,0.0,1,15.72,88.0,420.0,0.0,0.0,1
2026-05-20T03:53:33.889412+00:00,15.8,88.0,"Posadas, Misiones, Argentina",344.44,15.0,30.0,1,13.8,52.74,2.5,1,60.0,0.3,1,42.49,88.17,420.0,0.0,0.0,1,15.77,88.0,420.0,0.0,0.0,1,15.67,87.99,420.0,0.0,0.0,1,15.85,87.99,420.0,0.0,0.0,1
2026-05-20T03:53:43.985193+00:00,15.8,88.0,"Posadas, Misiones, Argentina",342.75,15.0,30.0,1,13.8,59.19,2.5,1,60.0,0.3,1,42.63,88.04,420.0,0.0,0.0,1,15.84,87.98,420.0,0.0,0.0,1,15.79,87.97,420.0,0.0,0.0,1,15.85,88.04,420.0,0.0,0.0,1
2026-05-20T03:53:53.987387+00:00,15.8,88.0,"Posadas, Misiones, Argentina",344.05,15.0,30.0,1,13.8,52.82,2.5,1,60.0,0.3,1,42.56,88.16,420.0,0.0,0.0,1,15.82,87.97,420.0,0.0,0.0,1,15.62,87.99,420.0,0.0,0.0,1,15.85,88.0,420.0,0.0,0.0,1
2026-05-20T03:54:03.988695+00:00,15.8,88.0,"Posadas, Misiones, Argentina",343.8,15.0,30.0,1,13.8,52.75,2.5,1,60.0,15.0,1,42.57,88.17,420.0,0.0,0.0,1,15.73,87.97,420.0,0.0,0.0,1,15.81,88.0,420.0,0.0,0.0,1,15.72,88.0,420.0,0.0,0.0,1
2026-05-20T03:54:13.989397+00:00,15.8,88.0,"Posadas, Misiones, Argentina",344.15,15.0,30.0,1,13.8,52.78,2.5,1,60.0,15.0,1,42.66,88.17,420.0,0.0,0.0,1,15.77,88.02,420.0,0.0,0.0,1,15.81,88.03,420.0,0.0,0.0,1,15.86,87.98,420.0,0.0,0.0,1
2026-05-20T03:54:23.990693+00:00,15.8,88.0,"Posadas, Misiones, Argentina",343.24,15.0,30.0,1,13.8,52.75,2.5,1,60.0,0.3,1,42.56,88.13,420.0,0.0,0.0,1,15.73,87.98,420.0,0.0,0.0,1,15.84,88.01,420.0,0.0,0.0,1,15.7,88.03,420.0,0.0,0.0,1
2026-05-20T03:54:33.991673+00:00,15.8,88.0,"Posadas, Misiones, Argentina",343.34,15.0,30.0,1,13.8,52.74,2.5,1,60.0,0.3,1,42.68,88.12,420.0,0.0,0.0,1,15.84,88.04,420.0,0.0,0.0,1,15.75,88.02,420.0,0.0,0.0,1,15.54,87.95,420.0,0.0,0.0,1
2026-05-20T03:54:43.993045+00:00,15.8,88.0,"Posadas, Misiones, Argentina",344.25,15.0,30.0,1,13.8,52.79,2.5,1,60.0,15.0,1,42.58,88.18,420.0,0.0,0.0,1,15.81,88.01,420.0,0.0,0.0,1,15.62,88.0,420.0,0.0,0.0,1,15.83,88.0,420.0,0.0,0.0,1
2026-05-20T03:54:53.994424+00:00,15.8,88.0,"Posadas, Misiones, Argentina",344.13,15.0,30.0,1,13.8,52.74,2.5,1,60.0,0.3,1,42.53,88.22,420.0,0.0,0.0,1,15.85,88.01,420.0,0.0,0.0,1,15.71,88.02,420.0,0.0,0.0,1,15.66,87.96,420.0,0.0,0.0,1
2026-05-20T03:55:03.995082+00:00,15.8,88.0,"Posadas, Misiones, Argentina",343.95,15.0,30.0,1,13.8,52.77,2.5,1,60.0,0.3,1,42.62,88.18,420.0,0.0,0.0,1,15.8,87.99,420.0,0.0,0.0,1,15.78,87.97,420.0,0.0,0.0,1,15.78,87.98,420.0,0.0,0.0,1
2026-05-20T03:55:13.996324+00:00,15.8,88.0,"Posadas, Misiones, Argentina",343.96,15.0,30.0,1,13.8,52.76,2.5,1,60.0,15.0,1,42.59,88.18,420.0,0.0,0.0,1,15.63,88.0,420.0,0.0,0.0,1,15.79,88.0,420.0,0.0,0.0,1,15.64,88.03,420.0,0.0,0.0,1
2026-05-20T03:55:23.996971+00:00,15.8,88.0,"Posadas, Misiones, Argentina",344.83,15.0,30.0,1,13.8,52.74,2.5,1,60.0,0.3,1,42.61,88.16,420.0,0.0,0.0,1,15.8,87.98,420.0,0.0,0.0,1,15.79,88.0,420.0,0.0,0.0,1,15.67,88.05,420.0,0.0,0.0,1
2026-05-20T03:55:33.998035+00:00,15.8,88.0,"Posadas, Misiones, Argentina",344.17,15.0,30.0,1,13.8,52.76,2.5,1,60.0,15.0,1,42.6,88.11,420.0,0.0,0.0,1,15.74,88.02,420.0,0.0,0.0,1,15.81,87.96,420.0,0.0,0.0,1,15.78,88.04,420.0,0.0,0.0,1
2026-05-20T03:55:43.998854+00:00,15.8,88.0,"Posadas, Misiones, Argentina",343.8,15.0,30.0,1,13.8,52.76,2.5,1,60.0,15.0,1,42.71,88.16,420.0,0.0,0.0,1,15.79,88.02,420.0,0.0,0.0,1,15.75,88.03,420.0,0.0,0.0,1,15.71,88.03,420.0,0.0,0.0,1
2026-05-20T03:55:54.000105+00:00,15.8,88.0,"Posadas, Misiones, Argentina",343.53,15.0,30.0,1,13.8,52.78,2.5,1,60.0,0.3,1,42.54,88.14,420.0,0.0,0.0,1,15.8,87.98,420.0,0.0,0.0,1,15.65,87.95,420.0,0.0,0.0,1,15.83,88.0,420.0,0.0,0.0,1
2026-05-20T03:56:04.001511+00:00,15.8,88.0,"Posadas, Misiones, Argentina",344.01,15.0,30.0,1,13.8,52.8,2.5,1,60.0,0.3,1,42.56,88.15,420.0,0.0,0.0,1,15.76,87.95,420.0,0.0,0.0,1,15.84,88.01,420.0,0.0,0.0,1,15.7,87.97,420.0,0.0,0.0,1
2026-05-20T03:56:14.002457+00:00,15.8,88.0,"Posadas, Misiones, Argentina",343.95,15.0,30.0,1,13.8,52.75,2.5,1,60.0,15.0,1,42.58,88.18,420.0,0.0,0.0,1,15.83,88.0,420.0,0.0,0.0,1,15.69,88.01,420.0,0.0,0.0,1,15.77,88.0,420.0,0.0,0.0,1
2026-05-20T03:56:24.003575+00:00,15.8,88.0,"Posadas, Misiones, Argentina",343.95,15.0,30.0,1,13.8,52.79,2.5,1,60.0,15.0,1,42.51,88.18,420.0,0.0,0.0,1,15.7,88.03,420.0,0.0,0.0,1,15.76,88.02,420.0,0.0,0.0,1,15.59,88.02,420.0,0.0,0.0,1
2026-05-20T03:56:34.004244+00:00,15.8,88.0,"Posadas, Misiones, Argentina",344.5,15.0,30.0,1,13.8,52.77,2.5,1,60.0,0.3,1,42.64,88.15,420.0,0.0,0.0,1,15.75,88.02,420.0,0.0,0.0,1,15.78,88.01,420.0,0.0,0.0,1,15.81,87.95,420.0,0.0,0.0,1
2026-05-20T03:56:44.005659+00:00,15.8,88.0,"Posadas, Misiones, Argentina",343.93,15.0,30.0,1,13.8,52.74,2.5,1,60.0,0.3,1,42.59,88.16,420.0,0.0,0.0,1,15.65,87.99,420.0,0.0,0.0,1,15.69,87.98,420.0,0.0,0.0,1,15.74,87.96,420.0,0.0,0.0,1
2026-05-20T03:56:54.006886+00:00,15.8,88.0,"Posadas, Misiones, Argentina",343.49,15.0,30.0,1,13.8,52.77,2.5,1,60.0,15.0,1,42.59,88.19,420.0,0.0,0.0,1,15.67,88.05,420.0,0.0,0.0,1,15.79,88.01,420.0,0.0,0.0,1,15.69,88.06,420.0,0.0,0.0,1
2026-05-20T03:57:04.008237+00:00,15.8,88.0,"Posadas, Misiones, Argentina",343.31,15.0,30.0,1,13.8,52.76,2.5,1,60.0,15.0,1,42.56,88.17,420.0,0.0,0.0,1,15.78,87.97,420.0,0.0,0.0,1,15.75,88.05,420.0,0.0,0.0,1,15.86,88.01,420.0,0.0,0.0,1
2026-05-20T03:57:14.009517+00:00,15.8,88.0,"Posadas, Misiones, Argentina",344.24,15.0,30.0,1,13.8,52.74,2.5,1,60.0,0.3,1,42.58,88.17,420.0,0.0,0.0,1,15.85,87.99,420.0,0.0,0.0,1,15.85,88.05,420.0,0.0,0.0,1,15.57,87.99,420.0,0.0,0.0,1
2026-05-20T03:57:24.011036+00:00,15.8,88.0,"Posadas, Misiones, Argentina",343.58,15.0,30.0,1,13.8,52.73,2.5,1,60.0,15.0,1,42.64,88.18,420.0,0.0,0.0,1,15.85,88.05,420.0,0.0,0.0,1,15.86,88.0,420.0,0.0,0.0,1,15.85,88.05,420.0,0.0,0.0,1
2026-05-20T03:57:34.012540+00:00,15.8,88.0,"Posadas, Misiones, Argentina",344.09,15.0,30.0,1,13.8,52.76,2.5,1,60.0,15.0,1,42.54,88.18,420.0,0.0,0.0,1,15.72,87.98,420.0,0.0,0.0,1,15.58,88.0,420.0,0.0,0.0,1,15.73,87.98,420.0,0.0,0.0,1
2026-05-20T03:57:44.013364+00:00,15.8,88.0,"Posadas, Misiones, Argentina",343.47,15.0,30.0,1,13.8,52.76,2.5,1,60.0,0.3,1,42.62,88.13,420.0,0.0,0.0,1,15.83,87.99,420.0,0.0,0.0,1,15.81,88.05,420.0,0.0,0.0,1,15.8,88.0,420.0,0.0,0.0,1
2026-05-20T03:57:54.014514+00:00,15.8,88.0,"Posadas, Misiones, Argentina",343.44,15.0,30.0,1,13.8,52.79,2.5,1,60.0,15.0,1,42.53,88.19,420.0,0.0,0.0,1,15.79,88.0,420.0,0.0,0.0,1,15.64,87.99,420.0,0.0,0.0,1,15.67,87.99,420.0,0.0,0.0,1
2026-05-20T03:58:04.015912+00:00,15.8,88.0,"Posadas, Misiones, Argentina",343.7,15.0,30.0,1,13.8,52.73,2.5,1,60.0,15.0,1,42.52,88.14,420.0,0.0,0.0,1,15.8,88.06,420.0,0.0,0.0,1,15.83,88.04,420.0,0.0,0.0,1,15.84,87.99,420.0,0.0,0.0,1
2026-05-20T03:58:14.017173+00:00,15.8,88.0,"Posadas, Misiones, Argentina",344.44,15.0,30.0,1,13.8,52.79,2.5,1,60.0,0.3,1,42.55,88.18,420.0,0.0,0.0,1,15.65,87.97,420.0,0.0,0.0,1,15.84,88.01,420.0,0.0,0.0,1,15.82,87.99,420.0,0.0,0.0,1
2026-05-20T03:58:24.018050+00:00,15.8,88.0,"Posadas, Misiones, Argentina",344.31,15.0,30.0,1,13.8,52.78,2.5,1,60.0,0.3,1,42.62,88.16,420.0,0.0,0.0,1,15.79,88.01,420.0,0.0,0.0,1,15.73,88.05,420.0,0.0,0.0,1,15.67,88.02,420.0,0.0,0.0,1
2026-05-20T03:58:34.019207+00:00,15.8,88.0,"Posadas, Misiones, Argentina",344.43,15.0,30.0,1,13.8,52.75,2.5,1,60.0,15.0,1,42.67,88.19,420.0,0.0,0.0,1,15.6,87.96,420.0,0.0,0.0,1,15.69,88.01,420.0,0.0,0.0,1,15.75,87.96,420.0,0.0,0.0,1
2026-05-20T03:58:44.019980+00:00,15.8,88.0,"Posadas, Misiones, Argentina",343.77,15.0,30.0,1,13.8,52.77,2.5,1,60.0,0.3,1,42.63,88.15,420.0,0.0,0.0,1,15.68,87.94,420.0,0.0,0.0,1,15.7,87.97,420.0,0.0,0.0,1,15.68,88.0,420.0,0.0,0.0,1
2026-05-20T03:58:54.021578+00:00,15.8,88.0,"Posadas, Misiones, Argentina",343.73,15.0,30.0,1,13.8,52.76,2.5,1,60.0,0.3,1,42.51,88.15,420.0,0.0,0.0,1,15.64,88.02,420.0,0.0,0.0,1,15.76,88.01,420.0,0.0,0.0,1,15.84,87.99,420.0,0.0,0.0,1
2026-05-20T03:59:04.022912+00:00,15.8,88.0,"Posadas, Misiones, Argentina",343.9,15.0,30.0,1,13.8,52.73,2.5,1,60.0,15.0,1,42.56,88.17,420.0,0.0,0.0,1,15.81,87.98,420.0,0.0,0.0,1,15.67,87.97,420.0,0.0,0.0,1,15.7,88.02,420.0,0.0,0.0,1
2026-05-20T03:59:14.023945+00:00,15.8,88.0,"Posadas, Misiones, Argentina",343.54,15.0,30.0,1,13.8,52.74,2.5,1,60.0,0.3,1,42.65,88.15,420.0,0.0,0.0,1,15.79,87.94,420.0,0.0,0.0,1,15.69,88.03,420.0,0.0,0.0,1,15.72,87.99,420.0,0.0,0.0,1
2026-05-20T03:59:24.024785+00:00,15.8,88.0,"Posadas, Misiones, Argentina",344.0,15.0,30.0,1,13.8,52.73,2.5,1,60.0,0.3,1,42.63,88.14,420.0,0.0,0.0,1,15.8,88.04,420.0,0.0,0.0,1,15.72,88.0,420.0,0.0,0.0,1,15.77,87.98,420.0,0.0,0.0,1
2026-05-20T03:59:34.025512+00:00,15.8,88.0,"Posadas, Misiones, Argentina",344.05,15.0,30.0,1,13.8,52.76,2.5,1,60.0,15.0,1,42.67,88.18,420.0,0.0,0.0,1,15.76,88.02,420.0,0.0,0.0,1,15.78,88.04,420.0,0.0,0.0,1,15.78,87.99,420.0,0.0,0.0,1
2026-05-20T03:59:44.026239+00:00,15.8,88.0,"Posadas, Misiones, Argentina",342.96,15.0,30.0,1,13.8,52.74,2.5,1,60.0,0.3,1,42.62,88.19,420.0,0.0,0.0,1,15.67,88.0,420.0,0.0,0.0,1,15.6,88.02,420.0,0.0,0.0,1,15.63,88.0,420.0,0.0,0.0,1
2026-05-20T03:59:54.027314+00:00,15.8,88.0,"Posadas, Misiones, Argentina",343.46,15.0,30.0,1,13.8,52.74,2.5,1,60.0,0.3,1,42.58,88.17,420.0,0.0,0.0,1,15.87,87.96,420.0,0.0,0.0,1,15.83,88.04,420.0,0.0,0.0,1,15.74,88.01,420.0,0.0,0.0,1
2026-05-20T04:00:04.029677+00:00,15.8,88.0,"Posadas, Misiones, Argentina",342.92,15.0,30.0,1,13.8,52.78,2.5,1,60.0,15.0,1,42.51,88.19,420.0,0.0,0.0,1,15.75,88.0,420.0,0.0,0.0,1,15.81,88.01,420.0,0.0,0.0,1,15.64,87.99,420.0,0.0,0.0,1
2026-05-20T04:00:14.031184+00:00,15.8,88.0,"Posadas, Misiones, Argentina",344.22,15.0,30.0,1,13.8,52.74,2.5,1,60.0,0.3,1,42.6,88.19,420.0,0.0,0.0,1,15.8,88.04,420.0,0.0,0.0,1,15.81,88.02,420.0,0.0,0.0,1,15.7,88.01,420.0,0.0,0.0,1
2026-05-20T04:00:24.032033+00:00,15.8,88.0,"Posadas, Misiones, Argentina",345.2,15.0,30.0,1,13.8,52.78,2.5,1,60.0,15.0,1,42.62,88.17,420.0,0.0,0.0,1,15.8,88.0,420.0,0.0,0.0,1,15.73,88.04,420.0,0.0,0.0,1,15.86,88.01,420.0,0.0,0.0,1
2026-05-20T04:00:34.032859+00:00,15.8,88.0,"Posadas, Misiones, Argentina",343.9,15.0,30.0,1,13.8,52.75,2.5,1,60.0,15.0,1,42.63,88.16,420.0,0.0,0.0,1,15.82,87.98,420.0,0.0,0.0,1,15.75,88.03,420.0,0.0,0.0,1,15.67,87.97,420.0,0.0,0.0,1
2026-05-20T04:00:44.033773+00:00,15.8,88.0,"Posadas, Misiones, Argentina",343.88,15.0,30.0,1,13.8,52.74,2.5,1,60.0,0.3,1,42.64,88.19,420.0,0.0,0.0,1,15.79,87.98,420.0,0.0,0.0,1,15.83,88.02,420.0,0.0,0.0,1,15.79,88.02,420.0,0.0,0.0,1
2026-05-20T04:00:54.034700+00:00,15.8,88.0,"Posadas, Misiones, Argentina",343.7,15.0,30.0,1,13.8,52.79,2.5,1,60.0,15.0,1,42.6,88.15,420.0,0.0,0.0,1,15.8,87.99,420.0,0.0,0.0,1,15.59,88.01,420.0,0.0,0.0,1,15.68,88.01,420.0,0.0,0.0,1
2026-05-20T04:01:04.035734+00:00,15.8,88.0,"Posadas, Misiones, Argentina",343.86,15.0,30.0,1,13.8,52.76,2.5,1,60.0,15.0,1,42.54,88.22,420.0,0.0,0.0,1,15.74,88.03,420.0,0.0,0.0,1,15.76,87.98,420.0,0.0,0.0,1,15.87,87.95,420.0,0.0,0.0,1
2026-05-20T04:01:14.036984+00:00,15.8,88.0,"Posadas, Misiones, Argentina",343.9,15.0,30.0,1,13.8,52.77,2.5,1,60.0,0.3,1,42.58,88.15,420.0,0.0,0.0,1,15.78,88.04,420.0,0.0,0.0,1,15.82,87.98,420.0,0.0,0.0,1,15.77,87.98,420.0,0.0,0.0,1
2026-05-20T04:01:24.038498+00:00,15.8,88.0,"Posadas, Misiones, Argentina",343.55,15.0,30.0,1,13.8,52.77,2.5,1,60.0,15.0,1,42.56,88.19,420.0,0.0,0.0,1,15.86,88.0,420.0,0.0,0.0,1,15.8,87.98,420.0,0.0,0.0,1,15.73,87.98,420.0,0.0,0.0,1
2026-05-20T04:01:34.039904+00:00,15.8,88.0,"Posadas, Misiones, Argentina",344.31,15.0,30.0,1,13.8,52.74,2.5,1,60.0,15.0,1,42.61,88.15,420.0,0.0,0.0,1,15.83,88.0,420.0,0.0,0.0,1,15.7,88.01,420.0,0.0,0.0,1,15.79,88.02,420.0,0.0,0.0,1
2026-05-20T04:01:44.042301+00:00,15.8,88.0,"Posadas, Misiones, Argentina",344.25,15.0,30.0,1,13.8,52.73,2.5,1,60.0,0.3,1,42.67,88.14,420.0,0.0,0.0,1,15.75,87.98,420.0,0.0,0.0,1,15.73,87.94,420.0,0.0,0.0,1,15.68,87.98,420.0,0.0,0.0,1
2026-05-20T04:01:54.045051+00:00,15.8,88.0,"Posadas, Misiones, Argentina",344.02,15.0,30.0,1,13.8,52.74,2.5,1,60.0,0.3,1,42.59,88.11,420.0,0.0,0.0,1,15.84,88.0,420.0,0.0,0.0,1,15.7,88.02,420.0,0.0,0.0,1,15.65,87.93,420.0,0.0,0.0,1
2026-05-20T04:02:04.046133+00:00,15.8,88.0,"Posadas, Misiones, Argentina",344.05,15.0,30.0,1,13.8,52.77,2.5,1,60.0,15.0,1,42.57,88.12,420.0,0.0,0.0,1,15.75,88.03,420.0,0.0,0.0,1,15.79,88.04,420.0,0.0,0.0,1,15.76,87.99,420.0,0.0,0.0,1
2026-05-20T04:02:14.047328+00:00,15.8,88.0,"Posadas, Misiones, Argentina",344.07,15.0,30.0,1,13.8,52.88,2.5,1,60.0,15.0,1,42.56,88.17,420.0,0.0,0.0,1,15.79,87.98,420.0,0.0,0.0,1,15.8,88.0,420.0,0.0,0.0,1,15.76,87.97,420.0,0.0,0.0,1
2026-05-20T04:02:24.049059+00:00,15.8,88.0,"Posadas, Misiones, Argentina",344.79,15.0,30.0,1,13.8,52.76,2.5,1,60.0,0.3,1,42.6,88.18,420.0,0.0,0.0,1,15.81,88.03,420.0,0.0,0.0,1,15.85,88.03,420.0,0.0,0.0,1,15.86,87.99,420.0,0.0,0.0,1
2026-05-20T04:02:34.049806+00:00,15.8,88.0,"Posadas, Misiones, Argentina",343.81,15.0,30.0,1,13.8,52.78,2.5,1,60.0,15.0,1,42.64,88.11,420.0,0.0,0.0,1,15.75,88.04,420.0,0.0,0.0,1,15.84,88.01,420.0,0.0,0.0,1,15.57,88.06,420.0,0.0,0.0,1
